timestamp,text,data,bss,dec,hex,filename,flash_used,flash_total,flash_used_hr,flash_total_hr,flash_pct,ram_used,ram_total,ram_used_hr,ram_total_hr,ram_pct
2026-07-13T12:32:07.853159Z,678628,155692,19553,853873,d0771,firmware.elf,834320,4194304,814.77KB,4.00MB,19.89,175245,532480,171.14KB,520.00KB,32.91
2026-07-13T12:43:05.461976Z,678628,155692,19553,853873,d0771,firmware.elf,834320,4194304,814.77KB,4.00MB,19.89,175245,532480,171.14KB,520.00KB,32.91
2026-07-13T12:48:16.109519Z,678628,155692,19553,853873,d0771,firmware.elf,834320,4194304,814.77KB,4.00MB,19.89,175245,532480,171.14KB,520.00KB,32.91
2026-08-05T11:16:04.935883Z,678628,155692,19553,853873,d0771,firmware.elf,834320,4194304,814.77KB,4.00MB,19.89,175245,532480,171.14KB,520.00KB,32.91,,,,,,
2026-08-05T11:16:05.453215Z,678628,155692,19553,853873,d0771,firmware.elf,834320,4194304,814.77KB,4.00MB,19.89,175245,532480,171.14KB,520.00KB,32.91,,,,,,
2026-08-05T11:16:05.857176Z,678628,155692,19553,853873,d0771,firmware.elf,834320,4194304,814.77KB,4.00MB,19.89,175245,532480,171.14KB,520.00KB,32.91,,,,,,
2026-08-05T11:16:06.276159Z,678628,155692,19553,853873,d0771,firmware.elf,834320,4194304,814.77KB,4.00MB,19.89,175245,532480,171.14KB,520.00KB,32.91,,,,,,
2026-08-05T11:16:06.680259Z,678628,155692,19553,853873,d0771,firmware.elf,834320,4194304,814.77KB,4.00MB,19.89,175245,532480,171.14KB,520.00KB,32.91,,,,,,
2026-08-05T11:16:07.092613Z,678628,155692,19553,853873,d0771,firmware.elf,834320,4194304,814.77KB,4.00MB,19.89,175245,532480,171.14KB,520.00KB,32.91,,,,,,
2026-08-05T11:16:07.493572Z,678628,155692,19553,853873,d0771,firmware.elf,834320,4194304,814.77KB,4.00MB,19.89,175245,532480,171.14KB,520.00KB,32.91,,,,,,
2026-08-05T11:16:07.874487Z,678628,155692,19553,853873,d0771,firmware.elf,834320,4194304,814.77KB,4.00MB,19.89,175245,532480,171.14KB,520.00KB,32.91,,,,,,
2026-08-05T11:16:08.294304Z,678628,155692,19553,853873,d0771,firmware.elf,834320,4194304,814.77KB,4.00MB,19.89,175245,532480,171.14KB,520.00KB,32.91,,,,,,
2026-08-05T11:16:08.700707Z,678628,155692,19553,853873,d0771,firmware.elf,834320,4194304,814.77KB,4.00MB,19.89,175245,532480,171.14KB,520.00KB,32.91,,,,,,
2026-08-05T11:16:09.086515Z,678628,155692,19553,853873,d0771,firmware.elf,834320,4194304,814.77KB,4.00MB,19.89,175245,532480,171.14KB,520.00KB,32.91,,,,,,
2026-08-05T11:16:09.474544Z,678628,155692,19553,853873,d0771,firmware.elf,834320,4194304,814.77KB,4.00MB,19.89,175245,532480,171.14KB,520.00KB,32.91,,,,,,
2026-08-05T11:16:09.830935Z,678628,155692,19553,853873,d0771,firmware.elf,834320,4194304,814.77KB,4.00MB,19.89,175245,532480,171.14KB,520.00KB,32.91,,,,,,
2026-08-05T11:16:10.183384Z,678628,155692,19553,853873,d0771,firmware.elf,834320,4194304,814.77KB,4.00MB,19.89,175245,532480,171.14KB,520.00KB,32.91,,,,,,
2026-08-05T11:16:10.564520Z,678628,155692,19553,853873,d0771,firmware.elf,834320,4194304,814.77KB,4.00MB,19.89,175245,532480,171.14KB,520.00KB,32.91,,,,,,
2026-08-05T11:16:10.889287Z,678628,155692,19553,853873,d0771,firmware.elf,834320,4194304,814.77KB,4.00MB,19.89,175245,532480,171.14KB,520.00KB,32.91,,,,,,
2026-08-05T11:16:11.209174Z,678628,155692,19553,853873,d0771,firmware.elf,834320,4194304,814.77KB,4.00MB,19.89,175245,532480,171.14KB,520.00KB,32.91,,,,,,
2026-08-05T11:16:11.581536Z,678628,155692,19553,853873,d0771,firmware.elf,834320,4194304,814.77KB,4.00MB,19.89,175245,532480,171.14KB,520.00KB,32.91,,,,,,
2026-08-05T11:16:11.931890Z,678628,155692,19553,853873,d0771,firmware.elf,834320,4194304,814.77KB,4.00MB,19.89,175245,532480,171.14KB,520.00KB,32.91,,,,,,
2026-08-05T11:16:12.285579Z,678628,155692,19553,853873,d0771,firmware.elf,834320,4194304,814.77KB,4.00MB,19.89,175245,532480,171.14KB,520.00KB,32.91,,,,,,
2026-08-05T11:16:12.690867Z,678628,155692,19553,853873,d0771,firmware.elf,834320,4194304,814.77KB,4.00MB,19.89,175245,532480,171.14KB,520.00KB,32.91,,,,,,
2026-08-05T11:16:13.032974Z,678628,155692,19553,853873,d0771,firmware.elf,834320,4194304,814.77KB,4.00MB,19.89,175245,532480,171.14KB,520.00KB,32.91,,,,,,
2026-08-05T11:16:13.361666Z,678628,155692,19553,853873,d0771,firmware.elf,834320,4194304,814.77KB,4.00MB,19.89,175245,532480,171.14KB,520.00KB,32.91,,,,,,
2026-08-05T11:16:13.706384Z,678628,155692,19553,853873,d0771,firmware.elf,834320,4194304,814.77KB,4.00MB,19.89,175245,532480,171.14KB,520.00KB,32.91,,,,,,
2026-08-05T11:16:14.045203Z,678628,155692,19553,853873,d0771,firmware.elf,834320,4194304,814.77KB,4.00MB,19.89,175245,532480,171.14KB,520.00KB,32.91,,,,,,
2026-08-05T11:16:14.410188Z,678628,155692,19553,853873,d0771,firmware.elf,834320,4194304,814.77KB,4.00MB,19.89,175245,532480,171.14KB,520.00KB,32.91,,,,,,
2026-08-05T11:16:14.803262Z,678628,155692,19553,853873,d0771,firmware.elf,834320,4194304,814.77KB,4.00MB,19.89,175245,532480,171.14KB,520.00KB,32.91,,,,,,
2026-08-05T11:16:15.158808Z,678628,155692,19553,853873,d0771,firmware.elf,834320,4194304,814.77KB,4.00MB,19.89,175245,532480,171.14KB,520.00KB,32.91,,,,,,
2026-08-05T11:16:15.491578Z,678628,155692,19553,853873,d0771,firmware.elf,834320,4194304,814.77KB,4.00MB,19.89,175245,532480,171.14KB,520.00KB,32.91,,,,,,
2026-08-05T11:16:15.872442Z,678628,155692,19553,853873,d0771,firmware.elf,834320,4194304,814.77KB,4.00MB,19.89,175245,532480,171.14KB,520.00KB,32.91,,,,,,
2026-08-05T11:16:16.252906Z,678628,155692,19553,853873,d0771,firmware.elf,834320,4194304,814.77KB,4.00MB,19.89,175245,532480,171.14KB,520.00KB,32.91,,,,,,
2026-08-05T11:16:16.681259Z,678628,155692,19553,853873,d0771,firmware.elf,834320,4194304,814.77KB,4.00MB,19.89,175245,532480,171.14KB,520.00KB,32.91,,,,,,
2026-08-05T11:16:17.115761Z,678628,155692,19553,853873,d0771,firmware.elf,834320,4194304,814.77KB,4.00MB,19.89,175245,532480,171.14KB,520.00KB,32.91,,,,,,
2026-08-05T11:16:17.525063Z,678628,155692,19553,853873,d0771,firmware.elf,834320,4194304,814.77KB,4.00MB,19.89,175245,532480,171.14KB,520.00KB,32.91,,,,,,
2026-08-05T11:16:17.947345Z,678628,155692,19553,853873,d0771,firmware.elf,834320,4194304,814.77KB,4.00MB,19.89,175245,532480,171.14KB,520.00KB,32.91,,,,,,
2026-08-05T11:16:18.359402Z,678628,155692,19553,853873,d0771,firmware.elf,834320,4194304,814.77KB,4.00MB,19.89,175245,532480,171.14KB,520.00KB,32.91,,,,,,
2026-08-05T11:16:18.789361Z,678628,155692,19553,853873,d0771,firmware.elf,834320,4194304,814.77KB,4.00MB,19.89,175245,532480,171.14KB,520.00KB,32.91,,,,,,
2026-08-05T11:16:19.237674Z,678628,155692,19553,853873,d0771,firmware.elf,834320,4194304,814.77KB,4.00MB,19.89,175245,532480,171.14KB,520.00KB,32.91,,,,,,
2026-08-05T11:16:19.689613Z,678628,155692,19553,853873,d0771,firmware.elf,834320,4194304,814.77KB,4.00MB,19.89,175245,532480,171.14KB,520.00KB,32.91,,,,,,
2026-08-05T11:16:20.106621Z,678628,155692,19553,853873,d0771,firmware.elf,834320,4194304,814.77KB,4.00MB,19.89,175245,532480,171.14KB,520.00KB,32.91,,,,,,
2026-08-05T11:16:20.531248Z,678628,155692,19553,853873,d0771,firmware.elf,834320,4194304,814.77KB,4.00MB,19.89,175245,532480,171.14KB,520.00KB,32.91,,,,,,
2026-08-05T11:16:21.002832Z,678628,155692,19553,853873,d0771,firmware.elf,834320,4194304,814.77KB,4.00MB,19.89,175245,532480,171.14KB,520.00KB,32.91,,,,,,
2026-08-05T11:16:21.420064Z,678628,155692,19553,853873,d0771,firmware.elf,834320,4194304,814.77KB,4.00MB,19.89,175245,532480,171.14KB,520.00KB,32.91,,,,,,
2026-08-05T11:16:21.851366Z,678628,155692,19553,853873,d0771,firmware.elf,834320,4194304,814.77KB,4.00MB,19.89,175245,532480,171.14KB,520.00KB,32.91,,,,,,
2026-08-05T11:16:22.265984Z,678628,155692,19553,853873,d0771,firmware.elf,834320,4194304,814.77KB,4.00MB,19.89,175245,532480,171.14KB,520.00KB,32.91,,,,,,
2026-08-05T11:16:22.703972Z,678628,155692,19553,853873,d0771,firmware.elf,834320,4194304,814.77KB,4.00MB,19.89,175245,532480,171.14KB,520.00KB,32.91,,,,,,
2026-08-05T11:16:23.177307Z,678628,155692,19553,853873,d0771,firmware.elf,834320,4194304,814.77KB,4.00MB,19.89,175245,532480,171.14KB,520.00KB,32.91,,,,,,
2026-08-05T11:16:23.545831Z,678628,155692,19553,853873,d0771,firmware.elf,834320,4194304,814.77KB,4.00MB,19.89,175245,532480,171.14KB,520.00KB,32.91,,,,,,
2026-08-05T11:16:23.964347Z,678628,155692,19553,853873,d0771,firmware.elf,834320,4194304,814.77KB,4.00MB,19.89,175245,532480,171.14KB,520.00KB,32.91,,,,,,
2026-08-05T11:16:24.349353Z,678628,155692,19553,853873,d0771,firmware.elf,834320,4194304,814.77KB,4.00MB,19.89,175245,532480,171.14KB,520.00KB,32.91,,,,,,
2026-08-05T11:16:24.763362Z,678628,155692,19553,853873,d0771,firmware.elf,834320,4194304,814.77KB,4.00MB,19.89,175245,532480,171.14KB,520.00KB,32.91,,,,,,
2026-08-05T11:16:25.155529Z,678628,155692,19553,853873,d0771,firmware.elf,834320,4194304,814.77KB,4.00MB,19.89,175245,532480,171.14KB,520.00KB,32.91,,,,,,
2026-08-05T11:16:25.540398Z,678628,155692,19553,853873,d0771,firmware.elf,834320,4194304,814.77KB,4.00MB,19.89,175245,532480,171.14KB,520.00KB,32.91,,,,,,
2026-08-05T11:16:25.944500Z,678628,155692,19553,853873,d0771,firmware.elf,834320,4194304,814.77KB,4.00MB,19.89,175245,532480,171.14KB,520.00KB,32.91,,,,,,
2026-08-05T11:16:26.346241Z,678628,155692,19553,853873,d0771,firmware.elf,834320,4194304,814.77KB,4.00MB,19.89,175245,532480,171.14KB,520.00KB,32.91,,,,,,
2026-08-05T11:16:26.733492Z,678628,155692,19553,853873,d0771,firmware.elf,834320,4194304,814.77KB,4.00MB,19.89,175245,532480,171.14KB,520.00KB,32.91,,,,,,
2026-08-05T11:16:27.121411Z,678628,155692,19553,853873,d0771,firmware.elf,834320,4194304,814.77KB,4.00MB,19.89,175245,532480,171.14KB,520.00KB,32.91,,,,,,
2026-08-05T11:16:27.502832Z,678628,155692,19553,853873,d0771,firmware.elf,834320,4194304,814.77KB,4.00MB,19.89,175245,532480,171.14KB,520.00KB,32.91,,,,,,
2026-08-05T11:16:27.928976Z,678628,155692,19553,853873,d0771,firmware.elf,834320,4194304,814.77KB,4.00MB,19.89,175245,532480,171.14KB,520.00KB,32.91,,,,,,
2026-08-05T11:16:28.355571Z,678628,155692,19553,853873,d0771,firmware.elf,834320,4194304,814.77KB,4.00MB,19.89,175245,532480,171.14KB,520.00KB,32.91,,,,,,
2026-08-05T11:16:28.769735Z,678628,155692,19553,853873,d0771,firmware.elf,834320,4194304,814.77KB,4.00MB,19.89,175245,532480,171.14KB,520.00KB,32.91,,,,,,
2026-08-05T11:16:29.197123Z,678628,155692,19553,853873,d0771,firmware.elf,834320,4194304,814.77KB,4.00MB,19.89,175245,532480,171.14KB,520.00KB,32.91,,,,,,
2026-08-05T11:16:29.631626Z,678628,155692,19553,853873,d0771,firmware.elf,834320,4194304,814.77KB,4.00MB,19.89,175245,532480,171.14KB,520.00KB,32.91,,,,,,
2026-08-05T11:16:30.063398Z,678628,155692,19553,853873,d0771,firmware.elf,834320,4194304,814.77KB,4.00MB,19.89,175245,532480,171.14KB,520.00KB,32.91,,,,,,
2026-08-05T11:16:30.518191Z,678628,155692,19553,853873,d0771,firmware.elf,834320,4194304,814.77KB,4.00MB,19.89,175245,532480,171.14KB,520.00KB,32.91,,,,,,
2026-08-05T11:16:30.955834Z,678628,155692,19553,853873,d0771,firmware.elf,834320,4194304,814.77KB,4.00MB,19.89,175245,532480,171.14KB,520.00KB,32.91,,,,,,
2026-08-05T11:16:31.386395Z,678628,155692,19553,853873,d0771,firmware.elf,834320,4194304,814.77KB,4.00MB,19.89,175245,532480,171.14KB,520.00KB,32.91,,,,,,
2026-08-05T11:16:31.842571Z,678628,155692,19553,853873,d0771,firmware.elf,834320,4194304,814.77KB,4.00MB,19.89,175245,532480,171.14KB,520.00KB,32.91,,,,,,
2026-08-05T11:16:32.264961Z,678628,155692,19553,853873,d0771,firmware.elf,834320,4194304,814.77KB,4.00MB,19.89,175245,532480,171.14KB,520.00KB,32.91,,,,,,
2026-08-05T11:16:32.674414Z,678628,155692,19553,853873,d0771,firmware.elf,834320,4194304,814.77KB,4.00MB,19.89,175245,532480,171.14KB,520.00KB,32.91,,,,,,
2026-08-05T11:16:33.037989Z,678628,155692,19553,853873,d0771,firmware.elf,834320,4194304,814.77KB,4.00MB,19.89,175245,532480,171.14KB,520.00KB,32.91,,,,,,
2026-08-05T11:16:33.430391Z,678628,155692,19553,853873,d0771,firmware.elf,834320,4194304,814.77KB,4.00MB,19.89,175245,532480,171.14KB,520.00KB,32.91,,,,,,
2026-08-05T11:16:33.852143Z,678628,155692,19553,853873,d0771,firmware.elf,834320,4194304,814.77KB,4.00MB,19.89,175245,532480,171.14KB,520.00KB,32.91,,,,,,
2026-08-05T11:16:34.222457Z,678628,155692,19553,853873,d0771,firmware.elf,834320,4194304,814.77KB,4.00MB,19.89,175245,532480,171.14KB,520.00KB,32.91,,,,,,
2026-08-05T11:16:34.614063Z,678628,155692,19553,853873,d0771,firmware.elf,834320,4194304,814.77KB,4.00MB,19.89,175245,532480,171.14KB,520.00KB,32.91,,,,,,
2026-08-05T11:16:35.039160Z,678628,155692,19553,853873,d0771,firmware.elf,834320,4194304,814.77KB,4.00MB,19.89,175245,532480,171.14KB,520.00KB,32.91,,,,,,
2026-08-05T11:16:35.395289Z,678628,155692,19553,853873,d0771,firmware.elf,834320,4194304,814.77KB,4.00MB,19.89,175245,532480,171.14KB,520.00KB,32.91,,,,,,
2026-08-05T11:16:35.810030Z,678628,155692,19553,853873,d0771,firmware.elf,834320,4194304,814.77KB,4.00MB,19.89,175245,532480,171.14KB,520.00KB,32.91,,,,,,
2026-08-05T11:16:36.161429Z,678628,155692,19553,853873,d0771,firmware.elf,834320,4194304,814.77KB,4.00MB,19.89,175245,532480,171.14KB,520.00KB,32.91,,,,,,
2026-08-05T11:16:36.530124Z,678628,155692,19553,853873,d0771,firmware.elf,834320,4194304,814.77KB,4.00MB,19.89,175245,532480,171.14KB,520.00KB,32.91,,,,,,
2026-08-05T11:16:36.895885Z,678628,155692,19553,853873,d0771,firmware.elf,834320,4194304,814.77KB,4.00MB,19.89,175245,532480,171.14KB,520.00KB,32.91,,,,,,
2026-08-05T11:16:37.289585Z,678628,155692,19553,853873,d0771,firmware.elf,834320,4194304,814.77KB,4.00MB,19.89,175245,532480,171.14KB,520.00KB,32.91,,,,,,
2026-08-05T11:16:37.661054Z,678628,155692,19553,853873,d0771,firmware.elf,834320,4194304,814.77KB,4.00MB,19.89,175245,532480,171.14KB,520.00KB,32.91,,,,,,
2026-08-05T11:16:38.075857Z,678628,155692,19553,853873,d0771,firmware.elf,834320,4194304,814.77KB,4.00MB,19.89,175245,532480,171.14KB,520.00KB,32.91,,,,,,
2026-08-05T11:16:38.528637Z,678628,155692,19553,853873,d0771,firmware.elf,834320,4194304,814.77KB,4.00MB,19.89,175245,532480,171.14KB,520.00KB,32.91,,,,,,
2026-08-05T11:16:38.976360Z,678628,155692,19553,853873,d0771,firmware.elf,834320,4194304,814.77KB,4.00MB,19.89,175245,532480,171.14KB,520.00KB,32.91,,,,,,
2026-08-05T11:16:39.457628Z,678628,155692,19553,853873,d0771,firmware.elf,834320,4194304,814.77KB,4.00MB,19.89,175245,532480,171.14KB,520.00KB,32.91,,,,,,
2026-08-05T11:16:39.944980Z,678628,155692,19553,853873,d0771,firmware.elf,834320,4194304,814.77KB,4.00MB,19.89,175245,532480,171.14KB,520.00KB,32.91,,,,,,
2026-08-05T11:16:40.349078Z,678628,155692,19553,853873,d0771,firmware.elf,834320,4194304,814.77KB,4.00MB,19.89,175245,532480,171.14KB,520.00KB,32.91,,,,,,
2026-08-05T11:16:40.759476Z,678628,155692,19553,853873,d0771,firmware.elf,834320,4194304,814.77KB,4.00MB,19.89,175245,532480,171.14KB,520.00KB,32.91,,,,,,
2026-08-05T11:16:41.260714Z,678628,155692,19553,853873,d0771,firmware.elf,834320,4194304,814.77KB,4.00MB,19.89,175245,532480,171.14KB,520.00KB,32.91,,,,,,
2026-08-05T11:16:41.747239Z,678628,155692,19553,853873,d0771,firmware.elf,834320,4194304,814.77KB,4.00MB,19.89,175245,532480,171.14KB,520.00KB,32.91,,,,,,
2026-08-05T11:16:42.229341Z,678628,155692,19553,853873,d0771,firmware.elf,834320,4194304,814.77KB,4.00MB,19.89,175245,532480,171.14KB,520.00KB,32.91,,,,,,
2026-08-05T11:16:42.687759Z,678628,155692,19553,853873,d0771,firmware.elf,834320,4194304,814.77KB,4.00MB,19.89,175245,532480,171.14KB,520.00KB,32.91,,,,,,
2026-08-05T11:16:43.159199Z,678628,155692,19553,853873,d0771,firmware.elf,834320,4194304,814.77KB,4.00MB,19.89,175245,532480,171.14KB,520.00KB,32.91,,,,,,
2026-08-05T11:16:43.632117Z,678628,155692,19553,853873,d0771,firmware.elf,834320,4194304,814.77KB,4.00MB,19.89,175245,532480,171.14KB,520.00KB,32.91,,,,,,
2026-08-05T11:16:44.108107Z,678628,155692,19553,853873,d0771,firmware.elf,834320,4194304,814.77KB,4.00MB,19.89,175245,532480,171.14KB,520.00KB,32.91,,,,,,
2026-08-05T11:16:44.571200Z,678628,155692,19553,853873,d0771,firmware.elf,834320,4194304,814.77KB,4.00MB,19.89,175245,532480,171.14KB,520.00KB,32.91,,,,,,
2026-08-05T11:16:45.022475Z,678628,155692,19553,853873,d0771,firmware.elf,834320,4194304,814.77KB,4.00MB,19.89,175245,532480,171.14KB,520.00KB,32.91,,,,,,
2026-08-05T11:16:45.488988Z,678628,155692,19553,853873,d0771,firmware.elf,834320,4194304,814.77KB,4.00MB,19.89,175245,532480,171.14KB,520.00KB,32.91,,,,,,
2026-08-05T11:16:45.988748Z,678628,155692,19553,853873,d0771,firmware.elf,834320,4194304,814.77KB,4.00MB,19.89,175245,532480,171.14KB,520.00KB,32.91,,,,,,
2026-08-05T11:16:46.519710Z,678628,155692,19553,853873,d0771,firmware.elf,834320,4194304,814.77KB,4.00MB,19.89,175245,532480,171.14KB,520.00KB,32.91,,,,,,
2026-08-05T11:16:47.007167Z,678628,155692,19553,853873,d0771,firmware.elf,834320,4194304,814.77KB,4.00MB,19.89,175245,532480,171.14KB,520.00KB,32.91,,,,,,
2026-08-05T11:16:47.534956Z,678628,155692,19553,853873,d0771,firmware.elf,834320,4194304,814.77KB,4.00MB,19.89,175245,532480,171.14KB,520.00KB,32.91,,,,,,
2026-08-05T11:16:48.091877Z,678628,155692,19553,853873,d0771,firmware.elf,834320,4194304,814.77KB,4.00MB,19.89,175245,532480,171.14KB,520.00KB,32.91,,,,,,
2026-08-05T11:16:48.736775Z,678628,155692,19553,853873,d0771,firmware.elf,834320,4194304,814.77KB,4.00MB,19.89,175245,532480,171.14KB,520.00KB,32.91,,,,,,
2026-08-05T11:16:49.318940Z,678628,155692,19553,853873,d0771,firmware.elf,834320,4194304,814.77KB,4.00MB,19.89,175245,532480,171.14KB,520.00KB,32.91,,,,,,
2026-08-05T11:16:49.894630Z,678628,155692,19553,853873,d0771,firmware.elf,834320,4194304,814.77KB,4.00MB,19.89,175245,532480,171.14KB,520.00KB,32.91,,,,,,
2026-08-05T11:16:50.534953Z,678628,155692,19553,853873,d0771,firmware.elf,834320,4194304,814.77KB,4.00MB,19.89,175245,532480,171.14KB,520.00KB,32.91,,,,,,
2026-08-05T11:16:51.129801Z,678628,155692,19553,853873,d0771,firmware.elf,834320,4194304,814.77KB,4.00MB,19.89,175245,532480,171.14KB,520.00KB,32.91,,,,,,
2026-08-05T11:16:51.759331Z,678628,155692,19553,853873,d0771,firmware.elf,834320,4194304,814.77KB,4.00MB,19.89,175245,532480,171.14KB,520.00KB,32.91,,,,,,
2026-08-05T11:16:52.369973Z,678628,155692,19553,853873,d0771,firmware.elf,834320,4194304,814.77KB,4.00MB,19.89,175245,532480,171.14KB,520.00KB,32.91,,,,,,
2026-08-05T11:16:53.051052Z,678628,155692,19553,853873,d0771,firmware.elf,834320,4194304,814.77KB,4.00MB,19.89,175245,532480,171.14KB,520.00KB,32.91,,,,,,
2026-08-05T11:16:53.692625Z,678628,155692,19553,853873,d0771,firmware.elf,834320,4194304,814.77KB,4.00MB,19.89,175245,532480,171.14KB,520.00KB,32.91,,,,,,
2026-08-05T11:16:54.428920Z,678628,155692,19553,853873,d0771,firmware.elf,834320,4194304,814.77KB,4.00MB,19.89,175245,532480,171.14KB,520.00KB,32.91,,,,,,
2026-08-05T11:16:55.205989Z,678628,155692,19553,853873,d0771,firmware.elf,834320,4194304,814.77KB,4.00MB,19.89,175245,532480,171.14KB,520.00KB,32.91,,,,,,
2026-08-05T11:16:55.988848Z,678628,155692,19553,853873,d0771,firmware.elf,834320,4194304,814.77KB,4.00MB,19.89,175245,532480,171.14KB,520.00KB,32.91,,,,,,
2026-08-05T11:16:56.837031Z,678628,155692,19553,853873,d0771,firmware.elf,834320,4194304,814.77KB,4.00MB,19.89,175245,532480,171.14KB,520.00KB,32.91,,,,,,
2026-08-05T11:16:57.753214Z,678628,155692,19553,853873,d0771,firmware.elf,834320,4194304,814.77KB,4.00MB,19.89,175245,532480,171.14KB,520.00KB,32.91,,,,,,
2026-08-05T11:16:58.567398Z,678628,155692,19553,853873,d0771,firmware.elf,834320,4194304,814.77KB,4.00MB,19.89,175245,532480,171.14KB,520.00KB,32.91,,,,,,
2026-08-05T11:16:59.331048Z,678628,155692,19553,853873,d0771,firmware.elf,834320,4194304,814.77KB,4.00MB,19.89,175245,532480,171.14KB,520.00KB,32.91,,,,,,
2026-08-05T11:17:00.102534Z,678628,155692,19553,853873,d0771,firmware.elf,834320,4194304,814.77KB,4.00MB,19.89,175245,532480,171.14KB,520.00KB,32.91,,,,,,
2026-08-05T11:17:00.930193Z,678628,155692,19553,853873,d0771,firmware.elf,834320,4194304,814.77KB,4.00MB,19.89,175245,532480,171.14KB,520.00KB,32.91,,,,,,
2026-08-05T11:17:01.799757Z,678628,155692,19553,853873,d0771,firmware.elf,834320,4194304,814.77KB,4.00MB,19.89,175245,532480,171.14KB,520.00KB,32.91,,,,,,
2026-08-05T11:17:02.631650Z,678628,155692,19553,853873,d0771,firmware.elf,834320,4194304,814.77KB,4.00MB,19.89,175245,532480,171.14KB,520.00KB,32.91,,,,,,
2026-08-05T11:17:03.460257Z,678628,155692,19553,853873,d0771,firmware.elf,834320,4194304,814.77KB,4.00MB,19.89,175245,532480,171.14KB,520.00KB,32.91,,,,,,
2026-08-05T11:17:04.287833Z,678628,155692,19553,853873,d0771,firmware.elf,834320,4194304,814.77KB,4.00MB,19.89,175245,532480,171.14KB,520.00KB,32.91,,,,,,
2026-08-05T11:17:05.067079Z,678628,155692,19553,853873,d0771,firmware.elf,834320,4194304,814.77KB,4.00MB,19.89,175245,532480,171.14KB,520.00KB,32.91,,,,,,
2026-08-05T11:17:05.909191Z,678628,155692,19553,853873,d0771,firmware.elf,834320,4194304,814.77KB,4.00MB,19.89,175245,532480,171.14KB,520.00KB,32.91,,,,,,
2026-08-05T11:17:06.696295Z,678628,155692,19553,853873,d0771,firmware.elf,834320,4194304,814.77KB,4.00MB,19.89,175245,532480,171.14KB,520.00KB,32.91,,,,,,
2026-08-05T11:17:07.571603Z,678628,155692,19553,853873,d0771,firmware.elf,834320,4194304,814.77KB,4.00MB,19.89,175245,532480,171.14KB,520.00KB,32.91,,,,,,
2026-08-05T11:17:08.398922Z,678628,155692,19553,853873,d0771,firmware.elf,834320,4194304,814.77KB,4.00MB,19.89,175245,532480,171.14KB,520.00KB,32.91,,,,,,
2026-08-05T11:17:09.213378Z,678628,155692,19553,853873,d0771,firmware.elf,834320,4194304,814.77KB,4.00MB,19.89,175245,532480,171.14KB,520.00KB,32.91,,,,,,
2026-08-05T11:17:10.106372Z,678628,155692,19553,853873,d0771,firmware.elf,834320,4194304,814.77KB,4.00MB,19.89,175245,532480,171.14KB,520.00KB,32.91,,,,,,
2026-08-05T11:17:11.001909Z,678628,155692,19553,853873,d0771,firmware.elf,834320,4194304,814.77KB,4.00MB,19.89,175245,532480,171.14KB,520.00KB,32.91,,,,,,
2026-08-05T11:17:11.891777Z,678628,155692,19553,853873,d0771,firmware.elf,834320,4194304,814.77KB,4.00MB,19.89,175245,532480,171.14KB,520.00KB,32.91,,,,,,
2026-08-05T11:17:12.755672Z,678628,155692,19553,853873,d0771,firmware.elf,834320,4194304,814.77KB,4.00MB,19.89,175245,532480,171.14KB,520.00KB,32.91,,,,,,
2026-08-05T11:17:13.631510Z,678628,155692,19553,853873,d0771,firmware.elf,834320,4194304,814.77KB,4.00MB,19.89,175245,532480,171.14KB,520.00KB,32.91,,,,,,
2026-08-05T11:17:14.556563Z,678628,155692,19553,853873,d0771,firmware.elf,834320,4194304,814.77KB,4.00MB,19.89,175245,532480,171.14KB,520.00KB,32.91,,,,,,
2026-08-05T11:17:15.411786Z,678628,155692,19553,853873,d0771,firmware.elf,834320,4194304,814.77KB,4.00MB,19.89,175245,532480,171.14KB,520.00KB,32.91,,,,,,
2026-08-05T11:17:16.275049Z,678628,155692,19553,853873,d0771,firmware.elf,834320,4194304,814.77KB,4.00MB,19.89,175245,532480,171.14KB,520.00KB,32.91,,,,,,
2026-08-05T11:17:17.057390Z,678628,155692,19553,853873,d0771,firmware.elf,834320,4194304,814.77KB,4.00MB,19.89,175245,532480,171.14KB,520.00KB,32.91,,,,,,
2026-08-05T11:17:17.964088Z,678628,155692,19553,853873,d0771,firmware.elf,834320,4194304,814.77KB,4.00MB,19.89,175245,532480,171.14KB,520.00KB,32.91,,,,,,
2026-08-05T11:17:18.793344Z,678628,155692,19553,853873,d0771,firmware.elf,834320,4194304,814.77KB,4.00MB,19.89,175245,532480,171.14KB,520.00KB,32.91,,,,,,
2026-08-05T11:17:19.583072Z,678628,155692,19553,853873,d0771,firmware.elf,834320,4194304,814.77KB,4.00MB,19.89,175245,532480,171.14KB,520.00KB,32.91,,,,,,
2026-08-05T11:17:20.386488Z,678628,155692,19553,853873,d0771,firmware.elf,834320,4194304,814.77KB,4.00MB,19.89,175245,532480,171.14KB,520.00KB,32.91,,,,,,
2026-08-05T11:17:21.202395Z,678628,155692,19553,853873,d0771,firmware.elf,834320,4194304,814.77KB,4.00MB,19.89,175245,532480,171.14KB,520.00KB,32.91,,,,,,
2026-08-05T11:17:22.025206Z,678628,155692,19553,853873,d0771,firmware.elf,834320,4194304,814.77KB,4.00MB,19.89,175245,532480,171.14KB,520.00KB,32.91,,,,,,
2026-08-05T11:17:22.863940Z,678628,155692,19553,853873,d0771,firmware.elf,834320,4194304,814.77KB,4.00MB,19.89,175245,532480,171.14KB,520.00KB,32.91,,,,,,
2026-08-05T11:17:23.676109Z,678628,155692,19553,853873,d0771,firmware.elf,834320,4194304,814.77KB,4.00MB,19.89,175245,532480,171.14KB,520.00KB,32.91,,,,,,
2026-08-05T11:17:24.563024Z,678628,155692,19553,853873,d0771,firmware.elf,834320,4194304,814.77KB,4.00MB,19.89,175245,532480,171.14KB,520.00KB,32.91,,,,,,
2026-08-05T11:17:25.467019Z,678628,155692,19553,853873,d0771,firmware.elf,834320,4194304,814.77KB,4.00MB,19.89,175245,532480,171.14KB,520.00KB,32.91,,,,,,
2026-08-05T11:17:26.387943Z,678628,155692,19553,853873,d0771,firmware.elf,834320,4194304,814.77KB,4.00MB,19.89,175245,532480,171.14KB,520.00KB,32.91,,,,,,
2026-08-05T11:17:27.269653Z,678628,155692,19553,853873,d0771,firmware.elf,834320,4194304,814.77KB,4.00MB,19.89,175245,532480,171.14KB,520.00KB,32.91,,,,,,
2026-08-05T11:17:28.138689Z,678628,155692,19553,853873,d0771,firmware.elf,834320,4194304,814.77KB,4.00MB,19.89,175245,532480,171.14KB,520.00KB,32.91,,,,,,
2026-08-05T11:17:29.059491Z,678628,155692,19553,853873,d0771,firmware.elf,834320,4194304,814.77KB,4.00MB,19.89,175245,532480,171.14KB,520.00KB,32.91,,,,,,
2026-08-05T11:17:29.939973Z,678628,155692,19553,853873,d0771,firmware.elf,834320,4194304,814.77KB,4.00MB,19.89,175245,532480,171.14KB,520.00KB,32.91,,,,,,
2026-08-05T11:17:30.823504Z,678628,155692,19553,853873,d0771,firmware.elf,834320,4194304,814.77KB,4.00MB,19.89,175245,532480,171.14KB,520.00KB,32.91,,,,,,
2026-08-05T11:17:31.683573Z,678628,155692,19553,853873,d0771,firmware.elf,834320,4194304,814.77KB,4.00MB,19.89,175245,532480,171.14KB,520.00KB,32.91,,,,,,
2026-08-05T11:17:32.558575Z,678628,155692,19553,853873,d0771,firmware.elf,834320,4194304,814.77KB,4.00MB,19.89,175245,532480,171.14KB,520.00KB,32.91,,,,,,
2026-08-05T11:17:33.454754Z,678628,155692,19553,853873,d0771,firmware.elf,834320,4194304,814.77KB,4.00MB,19.89,175245,532480,171.14KB,520.00KB,32.91,,,,,,
2026-08-05T11:17:34.288495Z,678628,155692,19553,853873,d0771,firmware.elf,834320,4194304,814.77KB,4.00MB,19.89,175245,532480,171.14KB,520.00KB,32.91,,,,,,
2026-08-05T11:17:35.126834Z,678628,155692,19553,853873,d0771,firmware.elf,834320,4194304,814.77KB,4.00MB,19.89,175245,532480,171.14KB,520.00KB,32.91,,,,,,
2026-08-05T11:17:35.963680Z,678628,155692,19553,853873,d0771,firmware.elf,834320,4194304,814.77KB,4.00MB,19.89,175245,532480,171.14KB,520.00KB,32.91,,,,,,
2026-08-05T11:17:36.786959Z,678628,155692,19553,853873,d0771,firmware.elf,834320,4194304,814.77KB,4.00MB,19.89,175245,532480,171.14KB,520.00KB,32.91,,,,,,
2026-08-05T11:17:37.789930Z,678628,155692,19553,853873,d0771,firmware.elf,834320,4194304,814.77KB,4.00MB,19.89,175245,532480,171.14KB,520.00KB,32.91,,,,,,
2026-08-05T11:17:38.658948Z,678628,155692,19553,853873,d0771,firmware.elf,834320,4194304,814.77KB,4.00MB,19.89,175245,532480,171.14KB,520.00KB,32.91,,,,,,
2026-08-05T11:17:39.579635Z,678628,155692,19553,853873,d0771,firmware.elf,834320,4194304,814.77KB,4.00MB,19.89,175245,532480,171.14KB,520.00KB,32.91,,,,,,
2026-08-05T11:17:40.409352Z,678628,155692,19553,853873,d0771,firmware.elf,834320,4194304,814.77KB,4.00MB,19.89,175245,532480,171.14KB,520.00KB,32.91,,,,,,
2026-08-05T11:17:41.239334Z,678628,155692,19553,853873,d0771,firmware.elf,834320,4194304,814.77KB,4.00MB,19.89,175245,532480,171.14KB,520.00KB,32.91,,,,,,
2026-08-05T11:17:42.104675Z,678628,155692,19553,853873,d0771,firmware.elf,834320,4194304,814.77KB,4.00MB,19.89,175245,532480,171.14KB,520.00KB,32.91,,,,,,
2026-08-05T11:17:42.894252Z,678628,155692,19553,853873,d0771,firmware.elf,834320,4194304,814.77KB,4.00MB,19.89,175245,532480,171.14KB,520.00KB,32.91,,,,,,
2026-08-05T11:17:43.689504Z,678628,155692,19553,853873,d0771,firmware.elf,834320,4194304,814.77KB,4.00MB,19.89,175245,532480,171.14KB,520.00KB,32.91,,,,,,
2026-08-05T11:17:44.598137Z,678628,155692,19553,853873,d0771,firmware.elf,834320,4194304,814.77KB,4.00MB,19.89,175245,532480,171.14KB,520.00KB,32.91,,,,,,
2026-08-05T11:17:45.493614Z,678628,155692,19553,853873,d0771,firmware.elf,834320,4194304,814.77KB,4.00MB,19.89,175245,532480,171.14KB,520.00KB,32.91,,,,,,
2026-08-05T11:17:46.421735Z,678628,155692,19553,853873,d0771,firmware.elf,834320,4194304,814.77KB,4.00MB,19.89,175245,532480,171.14KB,520.00KB,32.91,,,,,,
2026-08-05T11:17:47.296472Z,678628,155692,19553,853873,d0771,firmware.elf,834320,4194304,814.77KB,4.00MB,19.89,175245,532480,171.14KB,520.00KB,32.91,,,,,,
2026-08-05T11:17:48.153604Z,678628,155692,19553,853873,d0771,firmware.elf,834320,4194304,814.77KB,4.00MB,19.89,175245,532480,171.14KB,520.00KB,32.91,,,,,,
2026-08-05T11:17:48.965903Z,678628,155692,19553,853873,d0771,firmware.elf,834320,4194304,814.77KB,4.00MB,19.89,175245,532480,171.14KB,520.00KB,32.91,,,,,,
2026-08-05T11:17:49.733997Z,678628,155692,19553,853873,d0771,firmware.elf,834320,4194304,814.77KB,4.00MB,19.89,175245,532480,171.14KB,520.00KB,32.91,,,,,,
2026-08-05T11:17:50.550503Z,678628,155692,19553,853873,d0771,firmware.elf,834320,4194304,814.77KB,4.00MB,19.89,175245,532480,171.14KB,520.00KB,32.91,,,,,,
2026-08-05T11:17:51.374655Z,678628,155692,19553,853873,d0771,firmware.elf,834320,4194304,814.77KB,4.00MB,19.89,175245,532480,171.14KB,520.00KB,32.91,,,,,,
2026-08-05T11:17:52.132561Z,678628,155692,19553,853873,d0771,firmware.elf,834320,4194304,814.77KB,4.00MB,19.89,175245,532480,171.14KB,520.00KB,32.91,,,,,,
2026-08-05T11:17:52.955794Z,678628,155692,19553,853873,d0771,firmware.elf,834320,4194304,814.77KB,4.00MB,19.89,175245,532480,171.14KB,520.00KB,32.91,,,,,,
2026-08-05T11:17:53.787050Z,678628,155692,19553,853873,d0771,firmware.elf,834320,4194304,814.77KB,4.00MB,19.89,175245,532480,171.14KB,520.00KB,32.91,,,,,,
2026-08-05T11:17:54.631261Z,678628,155692,19553,853873,d0771,firmware.elf,834320,4194304,814.77KB,4.00MB,19.89,175245,532480,171.14KB,520.00KB,32.91,,,,,,
2026-08-05T11:17:55.531192Z,678628,155692,19553,853873,d0771,firmware.elf,834320,4194304,814.77KB,4.00MB,19.89,175245,532480,171.14KB,520.00KB,32.91,,,,,,
2026-08-05T11:17:56.381987Z,678628,155692,19553,853873,d0771,firmware.elf,834320,4194304,814.77KB,4.00MB,19.89,175245,532480,171.14KB,520.00KB,32.91,,,,,,
2026-08-05T11:17:57.286286Z,678628,155692,19553,853873,d0771,firmware.elf,834320,4194304,814.77KB,4.00MB,19.89,175245,532480,171.14KB,520.00KB,32.91,,,,,,
2026-08-05T11:17:58.186301Z,678628,155692,19553,853873,d0771,firmware.elf,834320,4194304,814.77KB,4.00MB,19.89,175245,532480,171.14KB,520.00KB,32.91,,,,,,
2026-08-05T11:17:59.115369Z,678628,155692,19553,853873,d0771,firmware.elf,834320,4194304,814.77KB,4.00MB,19.89,175245,532480,171.14KB,520.00KB,32.91,,,,,,
2026-08-05T11:18:00.003687Z,678628,155692,19553,853873,d0771,firmware.elf,834320,4194304,814.77KB,4.00MB,19.89,175245,532480,171.14KB,520.00KB,32.91,,,,,,
2026-08-05T11:18:00.892880Z,678628,155692,19553,853873,d0771,firmware.elf,834320,4194304,814.77KB,4.00MB,19.89,175245,532480,171.14KB,520.00KB,32.91,,,,,,
2026-08-05T11:18:01.870470Z,678628,155692,19553,853873,d0771,firmware.elf,834320,4194304,814.77KB,4.00MB,19.89,175245,532480,171.14KB,520.00KB,32.91,,,,,,
2026-08-05T11:18:02.820328Z,678628,155692,19553,853873,d0771,firmware.elf,834320,4194304,814.77KB,4.00MB,19.89,175245,532480,171.14KB,520.00KB,32.91,,,,,,
2026-08-05T11:18:03.795788Z,678628,155692,19553,853873,d0771,firmware.elf,834320,4194304,814.77KB,4.00MB,19.89,175245,532480,171.14KB,520.00KB,32.91,,,,,,
2026-08-05T11:18:04.754259Z,678628,155692,19553,853873,d0771,firmware.elf,834320,4194304,814.77KB,4.00MB,19.89,175245,532480,171.14KB,520.00KB,32.91,,,,,,
2026-08-05T11:18:05.663381Z,678628,155692,19553,853873,d0771,firmware.elf,834320,4194304,814.77KB,4.00MB,19.89,175245,532480,171.14KB,520.00KB,32.91,,,,,,
2026-08-05T11:18:06.593582Z,678628,155692,19553,853873,d0771,firmware.elf,834320,4194304,814.77KB,4.00MB,19.89,175245,532480,171.14KB,520.00KB,32.91,,,,,,
2026-08-05T11:18:07.481490Z,678628,155692,19553,853873,d0771,firmware.elf,834320,4194304,814.77KB,4.00MB,19.89,175245,532480,171.14KB,520.00KB,32.91,,,,,,
2026-08-05T11:18:08.388590Z,678628,155692,19553,853873,d0771,firmware.elf,834320,4194304,814.77KB,4.00MB,19.89,175245,532480,171.14KB,520.00KB,32.91,,,,,,
2026-08-05T11:18:09.337800Z,678628,155692,19553,853873,d0771,firmware.elf,834320,4194304,814.77KB,4.00MB,19.89,175245,532480,171.14KB,520.00KB,32.91,,,,,,
2026-08-05T11:18:10.586102Z,678628,155692,19553,853873,d0771,firmware.elf,834320,4194304,814.77KB,4.00MB,19.89,175245,532480,171.14KB,520.00KB,32.91,,,,,,
2026-08-05T11:18:11.810929Z,678628,155692,19553,853873,d0771,firmware.elf,834320,4194304,814.77KB,4.00MB,19.89,175245,532480,171.14KB,520.00KB,32.91,,,,,,
2026-08-05T11:18:13.040184Z,678628,155692,19553,853873,d0771,firmware.elf,834320,4194304,814.77KB,4.00MB,19.89,175245,532480,171.14KB,520.00KB,32.91,,,,,,
2026-08-05T11:18:14.177648Z,678628,155692,19553,853873,d0771,firmware.elf,834320,4194304,814.77KB,4.00MB,19.89,175245,532480,171.14KB,520.00KB,32.91,,,,,,
2026-08-05T11:18:14.975611Z,678628,155692,19553,853873,d0771,firmware.elf,834320,4194304,814.77KB,4.00MB,19.89,175245,532480,171.14KB,520.00KB,32.91,,,,,,
2026-08-05T11:18:15.785990Z,678628,155692,19553,853873,d0771,firmware.elf,834320,4194304,814.77KB,4.00MB,19.89,175245,532480,171.14KB,520.00KB,32.91,,,,,,
2026-08-05T11:18:16.564600Z,678628,155692,19553,853873,d0771,firmware.elf,834320,4194304,814.77KB,4.00MB,19.89,175245,532480,171.14KB,520.00KB,32.91,,,,,,
2026-08-05T11:18:17.381831Z,678628,155692,19553,853873,d0771,firmware.elf,834320,4194304,814.77KB,4.00MB,19.89,175245,532480,171.14KB,520.00KB,32.91,,,,,,
2026-08-05T11:18:18.219492Z,678628,155692,19553,853873,d0771,firmware.elf,834320,4194304,814.77KB,4.00MB,19.89,175245,532480,171.14KB,520.00KB,32.91,,,,,,
2026-08-05T11:18:19.006962Z,678628,155692,19553,853873,d0771,firmware.elf,834320,4194304,814.77KB,4.00MB,19.89,175245,532480,171.14KB,520.00KB,32.91,,,,,,
2026-08-05T11:18:19.822792Z,678628,155692,19553,853873,d0771,firmware.elf,834320,4194304,814.77KB,4.00MB,19.89,175245,532480,171.14KB,520.00KB,32.91,,,,,,
2026-08-05T11:18:20.655476Z,678628,155692,19553,853873,d0771,firmware.elf,834320,4194304,814.77KB,4.00MB,19.89,175245,532480,171.14KB,520.00KB,32.91,,,,,,
2026-08-05T11:18:21.451898Z,678628,155692,19553,853873,d0771,firmware.elf,834320,4194304,814.77KB,4.00MB,19.89,175245,532480,171.14KB,520.00KB,32.91,,,,,,
2026-08-05T11:18:22.283871Z,678628,155692,19553,853873,d0771,firmware.elf,834320,4194304,814.77KB,4.00MB,19.89,175245,532480,171.14KB,520.00KB,32.91,,,,,,
2026-08-05T11:18:23.094264Z,678628,155692,19553,853873,d0771,firmware.elf,834320,4194304,814.77KB,4.00MB,19.89,175245,532480,171.14KB,520.00KB,32.91,,,,,,
2026-08-05T11:18:23.904723Z,678628,155692,19553,853873,d0771,firmware.elf,834320,4194304,814.77KB,4.00MB,19.89,175245,532480,171.14KB,520.00KB,32.91,,,,,,
2026-08-05T11:18:24.727238Z,678628,155692,19553,853873,d0771,firmware.elf,834320,4194304,814.77KB,4.00MB,19.89,175245,532480,171.14KB,520.00KB,32.91,,,,,,
2026-08-05T11:18:25.518574Z,678628,155692,19553,853873,d0771,firmware.elf,834320,4194304,814.77KB,4.00MB,19.89,175245,532480,171.14KB,520.00KB,32.91,,,,,,
2026-08-05T11:18:26.346603Z,678628,155692,19553,853873,d0771,firmware.elf,834320,4194304,814.77KB,4.00MB,19.89,175245,532480,171.14KB,520.00KB,32.91,,,,,,
2026-08-05T11:18:27.158942Z,678628,155692,19553,853873,d0771,firmware.elf,834320,4194304,814.77KB,4.00MB,19.89,175245,532480,171.14KB,520.00KB,32.91,,,,,,
2026-08-05T11:18:27.996113Z,678628,155692,19553,853873,d0771,firmware.elf,834320,4194304,814.77KB,4.00MB,19.89,175245,532480,171.14KB,520.00KB,32.91,,,,,,
2026-08-05T11:18:28.832055Z,678628,155692,19553,853873,d0771,firmware.elf,834320,4194304,814.77KB,4.00MB,19.89,175245,532480,171.14KB,520.00KB,32.91,,,,,,
2026-08-05T11:18:29.675142Z,678628,155692,19553,853873,d0771,firmware.elf,834320,4194304,814.77KB,4.00MB,19.89,175245,532480,171.14KB,520.00KB,32.91,,,,,,
2026-08-05T11:18:30.519902Z,678628,155692,19553,853873,d0771,firmware.elf,834320,4194304,814.77KB,4.00MB,19.89,175245,532480,171.14KB,520.00KB,32.91,,,,,,
2026-08-05T11:18:31.411008Z,678628,155692,19553,853873,d0771,firmware.elf,834320,4194304,814.77KB,4.00MB,19.89,175245,532480,171.14KB,520.00KB,32.91,,,,,,
2026-08-05T11:18:32.238141Z,678628,155692,19553,853873,d0771,firmware.elf,834320,4194304,814.77KB,4.00MB,19.89,175245,532480,171.14KB,520.00KB,32.91,,,,,,
2026-08-05T11:18:33.170922Z,678628,155692,19553,853873,d0771,firmware.elf,834320,4194304,814.77KB,4.00MB,19.89,175245,532480,171.14KB,520.00KB,32.91,,,,,,
2026-08-05T11:18:34.061731Z,678628,155692,19553,853873,d0771,firmware.elf,834320,4194304,814.77KB,4.00MB,19.89,175245,532480,171.14KB,520.00KB,32.91,,,,,,
2026-08-05T11:18:34.960448Z,678628,155692,19553,853873,d0771,firmware.elf,834320,4194304,814.77KB,4.00MB,19.89,175245,532480,171.14KB,520.00KB,32.91,,,,,,
2026-08-05T11:18:35.857345Z,678628,155692,19553,853873,d0771,firmware.elf,834320,4194304,814.77KB,4.00MB,19.89,175245,532480,171.14KB,520.00KB,32.91,,,,,,
2026-08-05T11:18:36.671057Z,678628,155692,19553,853873,d0771,firmware.elf,834320,4194304,814.77KB,4.00MB,19.89,175245,532480,171.14KB,520.00KB,32.91,,,,,,
2026-08-05T11:18:37.492524Z,678628,155692,19553,853873,d0771,firmware.elf,834320,4194304,814.77KB,4.00MB,19.89,175245,532480,171.14KB,520.00KB,32.91,,,,,,
2026-08-05T11:18:38.259561Z,678628,155692,19553,853873,d0771,firmware.elf,834320,4194304,814.77KB,4.00MB,19.89,175245,532480,171.14KB,520.00KB,32.91,,,,,,
2026-08-05T11:18:39.143995Z,678628,155692,19553,853873,d0771,firmware.elf,834320,4194304,814.77KB,4.00MB,19.89,175245,532480,171.14KB,520.00KB,32.91,,,,,,
2026-08-05T11:18:40.000491Z,678628,155692,19553,853873,d0771,firmware.elf,834320,4194304,814.77KB,4.00MB,19.89,175245,532480,171.14KB,520.00KB,32.91,,,,,,
2026-08-05T11:18:40.790815Z,678628,155692,19553,853873,d0771,firmware.elf,834320,4194304,814.77KB,4.00MB,19.89,175245,532480,171.14KB,520.00KB,32.91,,,,,,
2026-08-05T11:18:41.693396Z,678628,155692,19553,853873,d0771,firmware.elf,834320,4194304,814.77KB,4.00MB,19.89,175245,532480,171.14KB,520.00KB,32.91,,,,,,
2026-08-05T11:18:42.514791Z,678628,155692,19553,853873,d0771,firmware.elf,834320,4194304,814.77KB,4.00MB,19.89,175245,532480,171.14KB,520.00KB,32.91,,,,,,
2026-08-05T11:18:43.313246Z,678628,155692,19553,853873,d0771,firmware.elf,834320,4194304,814.77KB,4.00MB,19.89,175245,532480,171.14KB,520.00KB,32.91,,,,,,
2026-08-05T11:18:44.125194Z,678628,155692,19553,853873,d0771,firmware.elf,834320,4194304,814.77KB,4.00MB,19.89,175245,532480,171.14KB,520.00KB,32.91,,,,,,
2026-08-05T11:18:44.920234Z,678628,155692,19553,853873,d0771,firmware.elf,834320,4194304,814.77KB,4.00MB,19.89,175245,532480,171.14KB,520.00KB,32.91,,,,,,
2026-08-05T11:18:45.718352Z,678628,155692,19553,853873,d0771,firmware.elf,834320,4194304,814.77KB,4.00MB,19.89,175245,532480,171.14KB,520.00KB,32.91,,,,,,
2026-08-05T11:18:46.508430Z,678628,155692,19553,853873,d0771,firmware.elf,834320,4194304,814.77KB,4.00MB,19.89,175245,532480,171.14KB,520.00KB,32.91,,,,,,
2026-08-05T11:18:47.309855Z,678628,155692,19553,853873,d0771,firmware.elf,834320,4194304,814.77KB,4.00MB,19.89,175245,532480,171.14KB,520.00KB,32.91,,,,,,
2026-08-05T11:18:48.121401Z,678628,155692,19553,853873,d0771,firmware.elf,834320,4194304,814.77KB,4.00MB,19.89,175245,532480,171.14KB,520.00KB,32.91,,,,,,
2026-08-05T11:18:48.890615Z,678628,155692,19553,853873,d0771,firmware.elf,834320,4194304,814.77KB,4.00MB,19.89,175245,532480,171.14KB,520.00KB,32.91,,,,,,
2026-08-05T11:18:49.747352Z,678628,155692,19553,853873,d0771,firmware.elf,834320,4194304,814.77KB,4.00MB,19.89,175245,532480,171.14KB,520.00KB,32.91,,,,,,
2026-08-05T11:18:50.607013Z,678628,155692,19553,853873,d0771,firmware.elf,834320,4194304,814.77KB,4.00MB,19.89,175245,532480,171.14KB,520.00KB,32.91,,,,,,
2026-08-05T11:18:51.475609Z,678628,155692,19553,853873,d0771,firmware.elf,834320,4194304,814.77KB,4.00MB,19.89,175245,532480,171.14KB,520.00KB,32.91,,,,,,
2026-08-05T11:18:52.338548Z,678628,155692,19553,853873,d0771,firmware.elf,834320,4194304,814.77KB,4.00MB,19.89,175245,532480,171.14KB,520.00KB,32.91,,,,,,
2026-08-05T11:18:53.172901Z,678628,155692,19553,853873,d0771,firmware.elf,834320,4194304,814.77KB,4.00MB,19.89,175245,532480,171.14KB,520.00KB,32.91,,,,,,
2026-08-05T11:18:53.964222Z,678628,155692,19553,853873,d0771,firmware.elf,834320,4194304,814.77KB,4.00MB,19.89,175245,532480,171.14KB,520.00KB,32.91,,,,,,
2026-08-05T11:18:54.744081Z,678628,155692,19553,853873,d0771,firmware.elf,834320,4194304,814.77KB,4.00MB,19.89,175245,532480,171.14KB,520.00KB,32.91,,,,,,
2026-08-05T11:18:55.522505Z,678628,155692,19553,853873,d0771,firmware.elf,834320,4194304,814.77KB,4.00MB,19.89,175245,532480,171.14KB,520.00KB,32.91,,,,,,
2026-08-05T11:18:56.343067Z,678628,155692,19553,853873,d0771,firmware.elf,834320,4194304,814.77KB,4.00MB,19.89,175245,532480,171.14KB,520.00KB,32.91,,,,,,
2026-08-05T11:18:57.149650Z,678628,155692,19553,853873,d0771,firmware.elf,834320,4194304,814.77KB,4.00MB,19.89,175245,532480,171.14KB,520.00KB,32.91,,,,,,
2026-08-05T11:18:57.967953Z,678628,155692,19553,853873,d0771,firmware.elf,834320,4194304,814.77KB,4.00MB,19.89,175245,532480,171.14KB,520.00KB,32.91,,,,,,
2026-08-05T11:18:58.755849Z,678628,155692,19553,853873,d0771,firmware.elf,834320,4194304,814.77KB,4.00MB,19.89,175245,532480,171.14KB,520.00KB,32.91,,,,,,
2026-08-05T11:18:59.534682Z,678628,155692,19553,853873,d0771,firmware.elf,834320,4194304,814.77KB,4.00MB,19.89,175245,532480,171.14KB,520.00KB,32.91,,,,,,
2026-08-05T11:19:00.356129Z,678628,155692,19553,853873,d0771,firmware.elf,834320,4194304,814.77KB,4.00MB,19.89,175245,532480,171.14KB,520.00KB,32.91,,,,,,
2026-08-05T11:19:01.160485Z,678628,155692,19553,853873,d0771,firmware.elf,834320,4194304,814.77KB,4.00MB,19.89,175245,532480,171.14KB,520.00KB,32.91,,,,,,
2026-08-05T11:19:01.995946Z,678628,155692,19553,853873,d0771,firmware.elf,834320,4194304,814.77KB,4.00MB,19.89,175245,532480,171.14KB,520.00KB,32.91,,,,,,
2026-08-05T11:19:02.827391Z,678628,155692,19553,853873,d0771,firmware.elf,834320,4194304,814.77KB,4.00MB,19.89,175245,532480,171.14KB,520.00KB,32.91,,,,,,
2026-08-05T11:19:03.668885Z,678628,155692,19553,853873,d0771,firmware.elf,834320,4194304,814.77KB,4.00MB,19.89,175245,532480,171.14KB,520.00KB,32.91,,,,,,
2026-08-05T11:19:04.515529Z,678628,155692,19553,853873,d0771,firmware.elf,834320,4194304,814.77KB,4.00MB,19.89,175245,532480,171.14KB,520.00KB,32.91,,,,,,
2026-08-05T11:19:05.350713Z,678628,155692,19553,853873,d0771,firmware.elf,834320,4194304,814.77KB,4.00MB,19.89,175245,532480,171.14KB,520.00KB,32.91,,,,,,
2026-08-05T11:19:06.162251Z,678628,155692,19553,853873,d0771,firmware.elf,834320,4194304,814.77KB,4.00MB,19.89,175245,532480,171.14KB,520.00KB,32.91,,,,,,
2026-08-05T11:19:06.983522Z,678628,155692,19553,853873,d0771,firmware.elf,834320,4194304,814.77KB,4.00MB,19.89,175245,532480,171.14KB,520.00KB,32.91,,,,,,
2026-08-05T11:19:07.745911Z,678628,155692,19553,853873,d0771,firmware.elf,834320,4194304,814.77KB,4.00MB,19.89,175245,532480,171.14KB,520.00KB,32.91,,,,,,
2026-08-05T11:19:08.577556Z,678628,155692,19553,853873,d0771,firmware.elf,834320,4194304,814.77KB,4.00MB,19.89,175245,532480,171.14KB,520.00KB,32.91,,,,,,
2026-08-05T11:19:09.432126Z,678628,155692,19553,853873,d0771,firmware.elf,834320,4194304,814.77KB,4.00MB,19.89,175245,532480,171.14KB,520.00KB,32.91,,,,,,
2026-08-05T11:19:10.245508Z,678628,155692,19553,853873,d0771,firmware.elf,834320,4194304,814.77KB,4.00MB,19.89,175245,532480,171.14KB,520.00KB,32.91,,,,,,
2026-08-05T11:19:11.039038Z,678628,155692,19553,853873,d0771,firmware.elf,834320,4194304,814.77KB,4.00MB,19.89,175245,532480,171.14KB,520.00KB,32.91,,,,,,
2026-08-05T11:19:11.851830Z,678628,155692,19553,853873,d0771,firmware.elf,834320,4194304,814.77KB,4.00MB,19.89,175245,532480,171.14KB,520.00KB,32.91,,,,,,
2026-08-05T11:19:12.669688Z,678628,155692,19553,853873,d0771,firmware.elf,834320,4194304,814.77KB,4.00MB,19.89,175245,532480,171.14KB,520.00KB,32.91,,,,,,
2026-08-05T11:19:13.458744Z,678628,155692,19553,853873,d0771,firmware.elf,834320,4194304,814.77KB,4.00MB,19.89,175245,532480,171.14KB,520.00KB,32.91,,,,,,
2026-08-05T11:19:14.266838Z,678628,155692,19553,853873,d0771,firmware.elf,834320,4194304,814.77KB,4.00MB,19.89,175245,532480,171.14KB,520.00KB,32.91,,,,,,
2026-08-05T11:19:15.070490Z,678628,155692,19553,853873,d0771,firmware.elf,834320,4194304,814.77KB,4.00MB,19.89,175245,532480,171.14KB,520.00KB,32.91,,,,,,
2026-08-05T11:19:15.891591Z,678628,155692,19553,853873,d0771,firmware.elf,834320,4194304,814.77KB,4.00MB,19.89,175245,532480,171.14KB,520.00KB,32.91,,,,,,
2026-08-05T11:19:16.694490Z,678628,155692,19553,853873,d0771,firmware.elf,834320,4194304,814.77KB,4.00MB,19.89,175245,532480,171.14KB,520.00KB,32.91,,,,,,
2026-08-05T11:19:17.513009Z,678628,155692,19553,853873,d0771,firmware.elf,834320,4194304,814.77KB,4.00MB,19.89,175245,532480,171.14KB,520.00KB,32.91,,,,,,
2026-08-05T11:19:18.324941Z,678628,155692,19553,853873,d0771,firmware.elf,834320,4194304,814.77KB,4.00MB,19.89,175245,532480,171.14KB,520.00KB,32.91,,,,,,
2026-08-05T11:19:19.187202Z,678628,155692,19553,853873,d0771,firmware.elf,834320,4194304,814.77KB,4.00MB,19.89,175245,532480,171.14KB,520.00KB,32.91,,,,,,
2026-08-05T11:19:20.012280Z,678628,155692,19553,853873,d0771,firmware.elf,834320,4194304,814.77KB,4.00MB,19.89,175245,532480,171.14KB,520.00KB,32.91,,,,,,
2026-08-05T11:19:20.870240Z,678628,155692,19553,853873,d0771,firmware.elf,834320,4194304,814.77KB,4.00MB,19.89,175245,532480,171.14KB,520.00KB,32.91,,,,,,
2026-08-05T11:19:21.765453Z,678628,155692,19553,853873,d0771,firmware.elf,834320,4194304,814.77KB,4.00MB,19.89,175245,532480,171.14KB,520.00KB,32.91,,,,,,
2026-08-05T11:19:22.587344Z,678628,155692,19553,853873,d0771,firmware.elf,834320,4194304,814.77KB,4.00MB,19.89,175245,532480,171.14KB,520.00KB,32.91,,,,,,
2026-08-05T11:19:23.454599Z,678628,155692,19553,853873,d0771,firmware.elf,834320,4194304,814.77KB,4.00MB,19.89,175245,532480,171.14KB,520.00KB,32.91,,,,,,
2026-08-05T11:19:24.277358Z,678628,155692,19553,853873,d0771,firmware.elf,834320,4194304,814.77KB,4.00MB,19.89,175245,532480,171.14KB,520.00KB,32.91,,,,,,
2026-08-05T11:19:25.059088Z,678628,155692,19553,853873,d0771,firmware.elf,834320,4194304,814.77KB,4.00MB,19.89,175245,532480,171.14KB,520.00KB,32.91,,,,,,
2026-08-05T11:19:25.840464Z,678628,155692,19553,853873,d0771,firmware.elf,834320,4194304,814.77KB,4.00MB,19.89,175245,532480,171.14KB,520.00KB,32.91,,,,,,
2026-08-05T11:19:26.610847Z,678628,155692,19553,853873,d0771,firmware.elf,834320,4194304,814.77KB,4.00MB,19.89,175245,532480,171.14KB,520.00KB,32.91,,,,,,
2026-08-05T11:19:27.405456Z,678628,155692,19553,853873,d0771,firmware.elf,834320,4194304,814.77KB,4.00MB,19.89,175245,532480,171.14KB,520.00KB,32.91,,,,,,
2026-08-05T11:19:28.196961Z,678628,155692,19553,853873,d0771,firmware.elf,834320,4194304,814.77KB,4.00MB,19.89,175245,532480,171.14KB,520.00KB,32.91,,,,,,
2026-08-05T11:19:29.004771Z,678628,155692,19553,853873,d0771,firmware.elf,834320,4194304,814.77KB,4.00MB,19.89,175245,532480,171.14KB,520.00KB,32.91,,,,,,
2026-08-05T11:19:29.766925Z,678628,155692,19553,853873,d0771,firmware.elf,834320,4194304,814.77KB,4.00MB,19.89,175245,532480,171.14KB,520.00KB,32.91,,,,,,
2026-08-05T11:19:30.626631Z,678628,155692,19553,853873,d0771,firmware.elf,834320,4194304,814.77KB,4.00MB,19.89,175245,532480,171.14KB,520.00KB,32.91,,,,,,
2026-08-05T11:19:31.448124Z,678628,155692,19553,853873,d0771,firmware.elf,834320,4194304,814.77KB,4.00MB,19.89,175245,532480,171.14KB,520.00KB,32.91,,,,,,
2026-08-05T11:19:32.260210Z,678628,155692,19553,853873,d0771,firmware.elf,834320,4194304,814.77KB,4.00MB,19.89,175245,532480,171.14KB,520.00KB,32.91,,,,,,
2026-08-05T11:19:33.094365Z,678628,155692,19553,853873,d0771,firmware.elf,834320,4194304,814.77KB,4.00MB,19.89,175245,532480,171.14KB,520.00KB,32.91,,,,,,
2026-08-05T11:19:33.935791Z,678628,155692,19553,853873,d0771,firmware.elf,834320,4194304,814.77KB,4.00MB,19.89,175245,532480,171.14KB,520.00KB,32.91,,,,,,
2026-08-05T11:19:34.809246Z,678628,155692,19553,853873,d0771,firmware.elf,834320,4194304,814.77KB,4.00MB,19.89,175245,532480,171.14KB,520.00KB,32.91,,,,,,
2026-08-05T11:19:35.615676Z,678628,155692,19553,853873,d0771,firmware.elf,834320,4194304,814.77KB,4.00MB,19.89,175245,532480,171.14KB,520.00KB,32.91,,,,,,
2026-08-05T11:19:36.427801Z,678628,155692,19553,853873,d0771,firmware.elf,834320,4194304,814.77KB,4.00MB,19.89,175245,532480,171.14KB,520.00KB,32.91,,,,,,
2026-08-05T11:19:37.267562Z,678628,155692,19553,853873,d0771,firmware.elf,834320,4194304,814.77KB,4.00MB,19.89,175245,532480,171.14KB,520.00KB,32.91,,,,,,
2026-08-05T11:19:38.158619Z,678628,155692,19553,853873,d0771,firmware.elf,834320,4194304,814.77KB,4.00MB,19.89,175245,532480,171.14KB,520.00KB,32.91,,,,,,
2026-08-05T11:19:39.031559Z,678628,155692,19553,853873,d0771,firmware.elf,834320,4194304,814.77KB,4.00MB,19.89,175245,532480,171.14KB,520.00KB,32.91,,,,,,
2026-08-05T11:19:39.903647Z,678628,155692,19553,853873,d0771,firmware.elf,834320,4194304,814.77KB,4.00MB,19.89,175245,532480,171.14KB,520.00KB,32.91,,,,,,
2026-08-05T11:19:40.754265Z,678628,155692,19553,853873,d0771,firmware.elf,834320,4194304,814.77KB,4.00MB,19.89,175245,532480,171.14KB,520.00KB,32.91,,,,,,
2026-08-05T11:19:41.673823Z,678628,155692,19553,853873,d0771,firmware.elf,834320,4194304,814.77KB,4.00MB,19.89,175245,532480,171.14KB,520.00KB,32.91,,,,,,
2026-08-05T11:19:42.588805Z,678628,155692,19553,853873,d0771,firmware.elf,834320,4194304,814.77KB,4.00MB,19.89,175245,532480,171.14KB,520.00KB,32.91,,,,,,
2026-08-05T11:19:43.429353Z,678628,155692,19553,853873,d0771,firmware.elf,834320,4194304,814.77KB,4.00MB,19.89,175245,532480,171.14KB,520.00KB,32.91,,,,,,
2026-08-05T11:19:44.245939Z,678628,155692,19553,853873,d0771,firmware.elf,834320,4194304,814.77KB,4.00MB,19.89,175245,532480,171.14KB,520.00KB,32.91,,,,,,
2026-08-05T11:19:45.014007Z,678628,155692,19553,853873,d0771,firmware.elf,834320,4194304,814.77KB,4.00MB,19.89,175245,532480,171.14KB,520.00KB,32.91,,,,,,
2026-08-05T11:19:45.825879Z,678628,155692,19553,853873,d0771,firmware.elf,834320,4194304,814.77KB,4.00MB,19.89,175245,532480,171.14KB,520.00KB,32.91,,,,,,
2026-08-05T11:19:46.615175Z,678628,155692,19553,853873,d0771,firmware.elf,834320,4194304,814.77KB,4.00MB,19.89,175245,532480,171.14KB,520.00KB,32.91,,,,,,
2026-08-05T11:19:47.427686Z,678628,155692,19553,853873,d0771,firmware.elf,834320,4194304,814.77KB,4.00MB,19.89,175245,532480,171.14KB,520.00KB,32.91,,,,,,
2026-08-05T11:19:48.236075Z,678628,155692,19553,853873,d0771,firmware.elf,834320,4194304,814.77KB,4.00MB,19.89,175245,532480,171.14KB,520.00KB,32.91,,,,,,
2026-08-05T11:19:49.049671Z,678628,155692,19553,853873,d0771,firmware.elf,834320,4194304,814.77KB,4.00MB,19.89,175245,532480,171.14KB,520.00KB,32.91,,,,,,
2026-08-05T11:19:49.845592Z,678628,155692,19553,853873,d0771,firmware.elf,834320,4194304,814.77KB,4.00MB,19.89,175245,532480,171.14KB,520.00KB,32.91,,,,,,
2026-08-05T11:19:50.683261Z,678628,155692,19553,853873,d0771,firmware.elf,834320,4194304,814.77KB,4.00MB,19.89,175245,532480,171.14KB,520.00KB,32.91,,,,,,
2026-08-05T11:19:51.469514Z,678628,155692,19553,853873,d0771,firmware.elf,834320,4194304,814.77KB,4.00MB,19.89,175245,532480,171.14KB,520.00KB,32.91,,,,,,
2026-08-05T11:19:52.233146Z,678628,155692,19553,853873,d0771,firmware.elf,834320,4194304,814.77KB,4.00MB,19.89,175245,532480,171.14KB,520.00KB,32.91,,,,,,
2026-08-05T11:19:53.096239Z,678628,155692,19553,853873,d0771,firmware.elf,834320,4194304,814.77KB,4.00MB,19.89,175245,532480,171.14KB,520.00KB,32.91,,,,,,
2026-08-05T11:19:53.971069Z,678628,155692,19553,853873,d0771,firmware.elf,834320,4194304,814.77KB,4.00MB,19.89,175245,532480,171.14KB,520.00KB,32.91,,,,,,
2026-08-05T11:19:54.824822Z,678628,155692,19553,853873,d0771,firmware.elf,834320,4194304,814.77KB,4.00MB,19.89,175245,532480,171.14KB,520.00KB,32.91,,,,,,
2026-08-05T11:19:55.717337Z,678628,155692,19553,853873,d0771,firmware.elf,834320,4194304,814.77KB,4.00MB,19.89,175245,532480,171.14KB,520.00KB,32.91,,,,,,
2026-08-05T11:19:56.573458Z,678628,155692,19553,853873,d0771,firmware.elf,834320,4194304,814.77KB,4.00MB,19.89,175245,532480,171.14KB,520.00KB,32.91,,,,,,
2026-08-05T11:19:57.430215Z,678628,155692,19553,853873,d0771,firmware.elf,834320,4194304,814.77KB,4.00MB,19.89,175245,532480,171.14KB,520.00KB,32.91,,,,,,
2026-08-05T11:19:58.268026Z,678628,155692,19553,853873,d0771,firmware.elf,834320,4194304,814.77KB,4.00MB,19.89,175245,532480,171.14KB,520.00KB,32.91,,,,,,
2026-08-05T11:19:59.088914Z,678628,155692,19553,853873,d0771,firmware.elf,834320,4194304,814.77KB,4.00MB,19.89,175245,532480,171.14KB,520.00KB,32.91,,,,,,
2026-08-05T11:19:59.855010Z,678628,155692,19553,853873,d0771,firmware.elf,834320,4194304,814.77KB,4.00MB,19.89,175245,532480,171.14KB,520.00KB,32.91,,,,,,
2026-08-05T11:20:00.709728Z,678628,155692,19553,853873,d0771,firmware.elf,834320,4194304,814.77KB,4.00MB,19.89,175245,532480,171.14KB,520.00KB,32.91,,,,,,
2026-08-05T11:20:01.545867Z,678628,155692,19553,853873,d0771,firmware.elf,834320,4194304,814.77KB,4.00MB,19.89,175245,532480,171.14KB,520.00KB,32.91,,,,,,
2026-08-05T11:20:02.390728Z,678628,155692,19553,853873,d0771,firmware.elf,834320,4194304,814.77KB,4.00MB,19.89,175245,532480,171.14KB,520.00KB,32.91,,,,,,
2026-08-05T11:20:03.241108Z,678628,155692,19553,853873,d0771,firmware.elf,834320,4194304,814.77KB,4.00MB,19.89,175245,532480,171.14KB,520.00KB,32.91,,,,,,
2026-08-05T11:20:04.145275Z,678628,155692,19553,853873,d0771,firmware.elf,834320,4194304,814.77KB,4.00MB,19.89,175245,532480,171.14KB,520.00KB,32.91,,,,,,
2026-08-05T11:20:04.970380Z,678628,155692,19553,853873,d0771,firmware.elf,834320,4194304,814.77KB,4.00MB,19.89,175245,532480,171.14KB,520.00KB,32.91,,,,,,
2026-08-05T11:20:05.836482Z,678628,155692,19553,853873,d0771,firmware.elf,834320,4194304,814.77KB,4.00MB,19.89,175245,532480,171.14KB,520.00KB,32.91,,,,,,
2026-08-05T11:20:06.725252Z,678628,155692,19553,853873,d0771,firmware.elf,834320,4194304,814.77KB,4.00MB,19.89,175245,532480,171.14KB,520.00KB,32.91,,,,,,
2026-08-05T11:20:07.578780Z,678628,155692,19553,853873,d0771,firmware.elf,834320,4194304,814.77KB,4.00MB,19.89,175245,532480,171.14KB,520.00KB,32.91,,,,,,
2026-08-05T11:20:08.448684Z,678628,155692,19553,853873,d0771,firmware.elf,834320,4194304,814.77KB,4.00MB,19.89,175245,532480,171.14KB,520.00KB,32.91,,,,,,
2026-08-05T11:20:09.273062Z,678628,155692,19553,853873,d0771,firmware.elf,834320,4194304,814.77KB,4.00MB,19.89,175245,532480,171.14KB,520.00KB,32.91,,,,,,
2026-08-05T11:20:10.069014Z,678628,155692,19553,853873,d0771,firmware.elf,834320,4194304,814.77KB,4.00MB,19.89,175245,532480,171.14KB,520.00KB,32.91,,,,,,
2026-08-05T11:20:10.868473Z,678628,155692,19553,853873,d0771,firmware.elf,834320,4194304,814.77KB,4.00MB,19.89,175245,532480,171.14KB,520.00KB,32.91,,,,,,
2026-08-05T11:20:11.700078Z,678628,155692,19553,853873,d0771,firmware.elf,834320,4194304,814.77KB,4.00MB,19.89,175245,532480,171.14KB,520.00KB,32.91,,,,,,
2026-08-05T11:20:12.486239Z,678628,155692,19553,853873,d0771,firmware.elf,834320,4194304,814.77KB,4.00MB,19.89,175245,532480,171.14KB,520.00KB,32.91,,,,,,
2026-08-05T11:20:13.277454Z,678628,155692,19553,853873,d0771,firmware.elf,834320,4194304,814.77KB,4.00MB,19.89,175245,532480,171.14KB,520.00KB,32.91,,,,,,
2026-08-05T11:20:14.073379Z,678628,155692,19553,853873,d0771,firmware.elf,834320,4194304,814.77KB,4.00MB,19.89,175245,532480,171.14KB,520.00KB,32.91,,,,,,
2026-08-05T11:20:14.918049Z,678628,155692,19553,853873,d0771,firmware.elf,834320,4194304,814.77KB,4.00MB,19.89,175245,532480,171.14KB,520.00KB,32.91,,,,,,
2026-08-05T11:20:15.723257Z,678628,155692,19553,853873,d0771,firmware.elf,834320,4194304,814.77KB,4.00MB,19.89,175245,532480,171.14KB,520.00KB,32.91,,,,,,
2026-08-05T11:20:16.524182Z,678628,155692,19553,853873,d0771,firmware.elf,834320,4194304,814.77KB,4.00MB,19.89,175245,532480,171.14KB,520.00KB,32.91,,,,,,
2026-08-05T11:20:17.346378Z,678628,155692,19553,853873,d0771,firmware.elf,834320,4194304,814.77KB,4.00MB,19.89,175245,532480,171.14KB,520.00KB,32.91,,,,,,
2026-08-05T11:20:18.161304Z,678628,155692,19553,853873,d0771,firmware.elf,834320,4194304,814.77KB,4.00MB,19.89,175245,532480,171.14KB,520.00KB,32.91,,,,,,
2026-08-05T11:20:18.962166Z,678628,155692,19553,853873,d0771,firmware.elf,834320,4194304,814.77KB,4.00MB,19.89,175245,532480,171.14KB,520.00KB,32.91,,,,,,
2026-08-05T11:20:19.743319Z,678628,155692,19553,853873,d0771,firmware.elf,834320,4194304,814.77KB,4.00MB,19.89,175245,532480,171.14KB,520.00KB,32.91,,,,,,
2026-08-05T11:20:20.569493Z,678628,155692,19553,853873,d0771,firmware.elf,834320,4194304,814.77KB,4.00MB,19.89,175245,532480,171.14KB,520.00KB,32.91,,,,,,
2026-08-05T11:20:21.382424Z,678628,155692,19553,853873,d0771,firmware.elf,834320,4194304,814.77KB,4.00MB,19.89,175245,532480,171.14KB,520.00KB,32.91,,,,,,
2026-08-05T11:20:22.182276Z,678628,155692,19553,853873,d0771,firmware.elf,834320,4194304,814.77KB,4.00MB,19.89,175245,532480,171.14KB,520.00KB,32.91,,,,,,
2026-08-05T11:20:22.992485Z,678628,155692,19553,853873,d0771,firmware.elf,834320,4194304,814.77KB,4.00MB,19.89,175245,532480,171.14KB,520.00KB,32.91,,,,,,
2026-08-05T11:20:23.808820Z,678628,155692,19553,853873,d0771,firmware.elf,834320,4194304,814.77KB,4.00MB,19.89,175245,532480,171.14KB,520.00KB,32.91,,,,,,
2026-08-05T11:20:24.596683Z,678628,155692,19553,853873,d0771,firmware.elf,834320,4194304,814.77KB,4.00MB,19.89,175245,532480,171.14KB,520.00KB,32.91,,,,,,
2026-08-05T11:20:25.369474Z,678628,155692,19553,853873,d0771,firmware.elf,834320,4194304,814.77KB,4.00MB,19.89,175245,532480,171.14KB,520.00KB,32.91,,,,,,
2026-08-05T11:20:26.189225Z,678628,155692,19553,853873,d0771,firmware.elf,834320,4194304,814.77KB,4.00MB,19.89,175245,532480,171.14KB,520.00KB,32.91,,,,,,
2026-08-05T11:20:26.960516Z,678628,155692,19553,853873,d0771,firmware.elf,834320,4194304,814.77KB,4.00MB,19.89,175245,532480,171.14KB,520.00KB,32.91,,,,,,
2026-08-05T11:20:27.770193Z,678628,155692,19553,853873,d0771,firmware.elf,834320,4194304,814.77KB,4.00MB,19.89,175245,532480,171.14KB,520.00KB,32.91,,,,,,
2026-08-05T11:20:28.613616Z,678628,155692,19553,853873,d0771,firmware.elf,834320,4194304,814.77KB,4.00MB,19.89,175245,532480,171.14KB,520.00KB,32.91,,,,,,
2026-08-05T11:20:29.411075Z,678628,155692,19553,853873,d0771,firmware.elf,834320,4194304,814.77KB,4.00MB,19.89,175245,532480,171.14KB,520.00KB,32.91,,,,,,
2026-08-05T11:20:30.248918Z,678628,155692,19553,853873,d0771,firmware.elf,834320,4194304,814.77KB,4.00MB,19.89,175245,532480,171.14KB,520.00KB,32.91,,,,,,
2026-08-05T11:20:31.053651Z,678628,155692,19553,853873,d0771,firmware.elf,834320,4194304,814.77KB,4.00MB,19.89,175245,532480,171.14KB,520.00KB,32.91,,,,,,
2026-08-05T11:20:31.885984Z,678628,155692,19553,853873,d0771,firmware.elf,834320,4194304,814.77KB,4.00MB,19.89,175245,532480,171.14KB,520.00KB,32.91,,,,,,
2026-08-05T11:20:32.697868Z,678628,155692,19553,853873,d0771,firmware.elf,834320,4194304,814.77KB,4.00MB,19.89,175245,532480,171.14KB,520.00KB,32.91,,,,,,
2026-08-05T11:20:33.579304Z,678628,155692,19553,853873,d0771,firmware.elf,834320,4194304,814.77KB,4.00MB,19.89,175245,532480,171.14KB,520.00KB,32.91,,,,,,
2026-08-05T11:20:34.390805Z,678628,155692,19553,853873,d0771,firmware.elf,834320,4194304,814.77KB,4.00MB,19.89,175245,532480,171.14KB,520.00KB,32.91,,,,,,
2026-08-05T11:20:35.186170Z,678628,155692,19553,853873,d0771,firmware.elf,834320,4194304,814.77KB,4.00MB,19.89,175245,532480,171.14KB,520.00KB,32.91,,,,,,
2026-08-05T11:20:35.948171Z,678628,155692,19553,853873,d0771,firmware.elf,834320,4194304,814.77KB,4.00MB,19.89,175245,532480,171.14KB,520.00KB,32.91,,,,,,
2026-08-05T11:20:36.731239Z,678628,155692,19553,853873,d0771,firmware.elf,834320,4194304,814.77KB,4.00MB,19.89,175245,532480,171.14KB,520.00KB,32.91,,,,,,
2026-08-05T11:20:37.508812Z,678628,155692,19553,853873,d0771,firmware.elf,834320,4194304,814.77KB,4.00MB,19.89,175245,532480,171.14KB,520.00KB,32.91,,,,,,
2026-08-05T11:20:38.353397Z,678628,155692,19553,853873,d0771,firmware.elf,834320,4194304,814.77KB,4.00MB,19.89,175245,532480,171.14KB,520.00KB,32.91,,,,,,
2026-08-05T11:20:39.297597Z,678628,155692,19553,853873,d0771,firmware.elf,834320,4194304,814.77KB,4.00MB,19.89,175245,532480,171.14KB,520.00KB,32.91,,,,,,
2026-08-05T11:20:40.152979Z,678628,155692,19553,853873,d0771,firmware.elf,834320,4194304,814.77KB,4.00MB,19.89,175245,532480,171.14KB,520.00KB,32.91,,,,,,
2026-08-05T11:20:40.976695Z,678628,155692,19553,853873,d0771,firmware.elf,834320,4194304,814.77KB,4.00MB,19.89,175245,532480,171.14KB,520.00KB,32.91,,,,,,
2026-08-05T11:20:41.857793Z,678628,155692,19553,853873,d0771,firmware.elf,834320,4194304,814.77KB,4.00MB,19.89,175245,532480,171.14KB,520.00KB,32.91,,,,,,
2026-08-05T11:20:42.707055Z,678628,155692,19553,853873,d0771,firmware.elf,834320,4194304,814.77KB,4.00MB,19.89,175245,532480,171.14KB,520.00KB,32.91,,,,,,
2026-08-05T11:20:43.561350Z,678628,155692,19553,853873,d0771,firmware.elf,834320,4194304,814.77KB,4.00MB,19.89,175245,532480,171.14KB,520.00KB,32.91,,,,,,
2026-08-05T11:20:44.432175Z,678628,155692,19553,853873,d0771,firmware.elf,834320,4194304,814.77KB,4.00MB,19.89,175245,532480,171.14KB,520.00KB,32.91,,,,,,
2026-08-05T11:20:45.250841Z,678628,155692,19553,853873,d0771,firmware.elf,834320,4194304,814.77KB,4.00MB,19.89,175245,532480,171.14KB,520.00KB,32.91,,,,,,
2026-08-05T11:20:46.115213Z,678628,155692,19553,853873,d0771,firmware.elf,834320,4194304,814.77KB,4.00MB,19.89,175245,532480,171.14KB,520.00KB,32.91,,,,,,
2026-08-05T11:20:46.981455Z,678628,155692,19553,853873,d0771,firmware.elf,834320,4194304,814.77KB,4.00MB,19.89,175245,532480,171.14KB,520.00KB,32.91,,,,,,
2026-08-05T11:20:47.804747Z,678628,155692,19553,853873,d0771,firmware.elf,834320,4194304,814.77KB,4.00MB,19.89,175245,532480,171.14KB,520.00KB,32.91,,,,,,
2026-08-05T11:20:48.640897Z,678628,155692,19553,853873,d0771,firmware.elf,834320,4194304,814.77KB,4.00MB,19.89,175245,532480,171.14KB,520.00KB,32.91,,,,,,
2026-08-05T11:20:49.484632Z,678628,155692,19553,853873,d0771,firmware.elf,834320,4194304,814.77KB,4.00MB,19.89,175245,532480,171.14KB,520.00KB,32.91,,,,,,
2026-08-05T11:20:50.301001Z,678628,155692,19553,853873,d0771,firmware.elf,834320,4194304,814.77KB,4.00MB,19.89,175245,532480,171.14KB,520.00KB,32.91,,,,,,
2026-08-05T11:20:51.100897Z,678628,155692,19553,853873,d0771,firmware.elf,834320,4194304,814.77KB,4.00MB,19.89,175245,532480,171.14KB,520.00KB,32.91,,,,,,
2026-08-05T11:20:51.882233Z,678628,155692,19553,853873,d0771,firmware.elf,834320,4194304,814.77KB,4.00MB,19.89,175245,532480,171.14KB,520.00KB,32.91,,,,,,
2026-08-05T11:20:52.664907Z,678628,155692,19553,853873,d0771,firmware.elf,834320,4194304,814.77KB,4.00MB,19.89,175245,532480,171.14KB,520.00KB,32.91,,,,,,
2026-08-05T11:20:53.476050Z,678628,155692,19553,853873,d0771,firmware.elf,834320,4194304,814.77KB,4.00MB,19.89,175245,532480,171.14KB,520.00KB,32.91,,,,,,
2026-08-05T11:20:54.248882Z,678628,155692,19553,853873,d0771,firmware.elf,834320,4194304,814.77KB,4.00MB,19.89,175245,532480,171.14KB,520.00KB,32.91,,,,,,
2026-08-05T11:20:55.043883Z,678628,155692,19553,853873,d0771,firmware.elf,834320,4194304,814.77KB,4.00MB,19.89,175245,532480,171.14KB,520.00KB,32.91,,,,,,
2026-08-05T11:20:55.815963Z,678628,155692,19553,853873,d0771,firmware.elf,834320,4194304,814.77KB,4.00MB,19.89,175245,532480,171.14KB,520.00KB,32.91,,,,,,
2026-08-05T11:20:56.581000Z,678628,155692,19553,853873,d0771,firmware.elf,834320,4194304,814.77KB,4.00MB,19.89,175245,532480,171.14KB,520.00KB,32.91,,,,,,
2026-08-05T11:20:57.361444Z,678628,155692,19553,853873,d0771,firmware.elf,834320,4194304,814.77KB,4.00MB,19.89,175245,532480,171.14KB,520.00KB,32.91,,,,,,
2026-08-05T11:20:58.229064Z,678628,155692,19553,853873,d0771,firmware.elf,834320,4194304,814.77KB,4.00MB,19.89,175245,532480,171.14KB,520.00KB,32.91,,,,,,
2026-08-05T11:20:59.115070Z,678628,155692,19553,853873,d0771,firmware.elf,834320,4194304,814.77KB,4.00MB,19.89,175245,532480,171.14KB,520.00KB,32.91,,,,,,
2026-08-05T11:20:59.983316Z,678628,155692,19553,853873,d0771,firmware.elf,834320,4194304,814.77KB,4.00MB,19.89,175245,532480,171.14KB,520.00KB,32.91,,,,,,
2026-08-05T11:21:00.798910Z,678628,155692,19553,853873,d0771,firmware.elf,834320,4194304,814.77KB,4.00MB,19.89,175245,532480,171.14KB,520.00KB,32.91,,,,,,
2026-08-05T11:21:01.838032Z,678628,155692,19553,853873,d0771,firmware.elf,834320,4194304,814.77KB,4.00MB,19.89,175245,532480,171.14KB,520.00KB,32.91,,,,,,
2026-08-05T11:21:02.900246Z,678628,155692,19553,853873,d0771,firmware.elf,834320,4194304,814.77KB,4.00MB,19.89,175245,532480,171.14KB,520.00KB,32.91,,,,,,
2026-08-05T11:21:03.709901Z,678628,155692,19553,853873,d0771,firmware.elf,834320,4194304,814.77KB,4.00MB,19.89,175245,532480,171.14KB,520.00KB,32.91,,,,,,
2026-08-05T11:21:04.499026Z,678628,155692,19553,853873,d0771,firmware.elf,834320,4194304,814.77KB,4.00MB,19.89,175245,532480,171.14KB,520.00KB,32.91,,,,,,
2026-08-05T11:21:05.286361Z,678628,155692,19553,853873,d0771,firmware.elf,834320,4194304,814.77KB,4.00MB,19.89,175245,532480,171.14KB,520.00KB,32.91,,,,,,
2026-08-05T11:21:06.123804Z,678628,155692,19553,853873,d0771,firmware.elf,834320,4194304,814.77KB,4.00MB,19.89,175245,532480,171.14KB,520.00KB,32.91,,,,,,
2026-08-05T11:21:06.894904Z,678628,155692,19553,853873,d0771,firmware.elf,834320,4194304,814.77KB,4.00MB,19.89,175245,532480,171.14KB,520.00KB,32.91,,,,,,
2026-08-05T11:21:07.649339Z,678628,155692,19553,853873,d0771,firmware.elf,834320,4194304,814.77KB,4.00MB,19.89,175245,532480,171.14KB,520.00KB,32.91,,,,,,
2026-08-05T11:21:08.456188Z,678628,155692,19553,853873,d0771,firmware.elf,834320,4194304,814.77KB,4.00MB,19.89,175245,532480,171.14KB,520.00KB,32.91,,,,,,
2026-08-05T11:21:09.240785Z,678628,155692,19553,853873,d0771,firmware.elf,834320,4194304,814.77KB,4.00MB,19.89,175245,532480,171.14KB,520.00KB,32.91,,,,,,
2026-08-05T11:21:10.123150Z,678628,155692,19553,853873,d0771,firmware.elf,834320,4194304,814.77KB,4.00MB,19.89,175245,532480,171.14KB,520.00KB,32.91,,,,,,
2026-08-05T11:21:10.942302Z,678628,155692,19553,853873,d0771,firmware.elf,834320,4194304,814.77KB,4.00MB,19.89,175245,532480,171.14KB,520.00KB,32.91,,,,,,
2026-08-05T11:21:11.721585Z,678628,155692,19553,853873,d0771,firmware.elf,834320,4194304,814.77KB,4.00MB,19.89,175245,532480,171.14KB,520.00KB,32.91,,,,,,
2026-08-05T11:21:12.535791Z,678628,155692,19553,853873,d0771,firmware.elf,834320,4194304,814.77KB,4.00MB,19.89,175245,532480,171.14KB,520.00KB,32.91,,,,,,
2026-08-05T11:21:13.333388Z,678628,155692,19553,853873,d0771,firmware.elf,834320,4194304,814.77KB,4.00MB,19.89,175245,532480,171.14KB,520.00KB,32.91,,,,,,
2026-08-05T11:21:14.113675Z,678628,155692,19553,853873,d0771,firmware.elf,834320,4194304,814.77KB,4.00MB,19.89,175245,532480,171.14KB,520.00KB,32.91,,,,,,
2026-08-05T11:21:14.983567Z,678628,155692,19553,853873,d0771,firmware.elf,834320,4194304,814.77KB,4.00MB,19.89,175245,532480,171.14KB,520.00KB,32.91,,,,,,
2026-08-05T11:21:15.816113Z,678628,155692,19553,853873,d0771,firmware.elf,834320,4194304,814.77KB,4.00MB,19.89,175245,532480,171.14KB,520.00KB,32.91,,,,,,
2026-08-05T11:21:16.663837Z,678628,155692,19553,853873,d0771,firmware.elf,834320,4194304,814.77KB,4.00MB,19.89,175245,532480,171.14KB,520.00KB,32.91,,,,,,
2026-08-05T11:21:17.535180Z,678628,155692,19553,853873,d0771,firmware.elf,834320,4194304,814.77KB,4.00MB,19.89,175245,532480,171.14KB,520.00KB,32.91,,,,,,
2026-08-05T11:21:18.348575Z,678628,155692,19553,853873,d0771,firmware.elf,834320,4194304,814.77KB,4.00MB,19.89,175245,532480,171.14KB,520.00KB,32.91,,,,,,
2026-08-05T11:21:19.182434Z,678628,155692,19553,853873,d0771,firmware.elf,834320,4194304,814.77KB,4.00MB,19.89,175245,532480,171.14KB,520.00KB,32.91,,,,,,
2026-08-05T11:21:19.925767Z,678628,155692,19553,853873,d0771,firmware.elf,834320,4194304,814.77KB,4.00MB,19.89,175245,532480,171.14KB,520.00KB,32.91,,,,,,
2026-08-05T11:21:20.679287Z,678628,155692,19553,853873,d0771,firmware.elf,834320,4194304,814.77KB,4.00MB,19.89,175245,532480,171.14KB,520.00KB,32.91,,,,,,
2026-08-05T11:21:21.421994Z,678628,155692,19553,853873,d0771,firmware.elf,834320,4194304,814.77KB,4.00MB,19.89,175245,532480,171.14KB,520.00KB,32.91,,,,,,
2026-08-05T11:21:22.181778Z,678628,155692,19553,853873,d0771,firmware.elf,834320,4194304,814.77KB,4.00MB,19.89,175245,532480,171.14KB,520.00KB,32.91,,,,,,
2026-08-05T11:21:22.919036Z,678628,155692,19553,853873,d0771,firmware.elf,834320,4194304,814.77KB,4.00MB,19.89,175245,532480,171.14KB,520.00KB,32.91,,,,,,
2026-08-05T11:21:23.681845Z,678628,155692,19553,853873,d0771,firmware.elf,834320,4194304,814.77KB,4.00MB,19.89,175245,532480,171.14KB,520.00KB,32.91,,,,,,
2026-08-05T11:21:24.440665Z,678628,155692,19553,853873,d0771,firmware.elf,834320,4194304,814.77KB,4.00MB,19.89,175245,532480,171.14KB,520.00KB,32.91,,,,,,
2026-08-05T11:21:25.248019Z,678628,155692,19553,853873,d0771,firmware.elf,834320,4194304,814.77KB,4.00MB,19.89,175245,532480,171.14KB,520.00KB,32.91,,,,,,
2026-08-05T11:21:26.011577Z,678628,155692,19553,853873,d0771,firmware.elf,834320,4194304,814.77KB,4.00MB,19.89,175245,532480,171.14KB,520.00KB,32.91,,,,,,
2026-08-05T11:21:26.768690Z,678628,155692,19553,853873,d0771,firmware.elf,834320,4194304,814.77KB,4.00MB,19.89,175245,532480,171.14KB,520.00KB,32.91,,,,,,
2026-08-05T11:21:27.574719Z,678628,155692,19553,853873,d0771,firmware.elf,834320,4194304,814.77KB,4.00MB,19.89,175245,532480,171.14KB,520.00KB,32.91,,,,,,
2026-08-05T11:21:28.367169Z,678628,155692,19553,853873,d0771,firmware.elf,834320,4194304,814.77KB,4.00MB,19.89,175245,532480,171.14KB,520.00KB,32.91,,,,,,
2026-08-05T11:21:29.129013Z,678628,155692,19553,853873,d0771,firmware.elf,834320,4194304,814.77KB,4.00MB,19.89,175245,532480,171.14KB,520.00KB,32.91,,,,,,
2026-08-05T11:21:29.905644Z,678628,155692,19553,853873,d0771,firmware.elf,834320,4194304,814.77KB,4.00MB,19.89,175245,532480,171.14KB,520.00KB,32.91,,,,,,
2026-08-05T11:21:30.713326Z,678628,155692,19553,853873,d0771,firmware.elf,834320,4194304,814.77KB,4.00MB,19.89,175245,532480,171.14KB,520.00KB,32.91,,,,,,
2026-08-05T11:21:31.552721Z,678628,155692,19553,853873,d0771,firmware.elf,834320,4194304,814.77KB,4.00MB,19.89,175245,532480,171.14KB,520.00KB,32.91,,,,,,
2026-08-05T11:21:32.360951Z,678628,155692,19553,853873,d0771,firmware.elf,834320,4194304,814.77KB,4.00MB,19.89,175245,532480,171.14KB,520.00KB,32.91,,,,,,
2026-08-05T11:21:33.117125Z,678628,155692,19553,853873,d0771,firmware.elf,834320,4194304,814.77KB,4.00MB,19.89,175245,532480,171.14KB,520.00KB,32.91,,,,,,
2026-08-05T11:21:33.900481Z,678628,155692,19553,853873,d0771,firmware.elf,834320,4194304,814.77KB,4.00MB,19.89,175245,532480,171.14KB,520.00KB,32.91,,,,,,
2026-08-05T11:21:34.684114Z,678628,155692,19553,853873,d0771,firmware.elf,834320,4194304,814.77KB,4.00MB,19.89,175245,532480,171.14KB,520.00KB,32.91,,,,,,
2026-08-05T11:21:35.434079Z,678628,155692,19553,853873,d0771,firmware.elf,834320,4194304,814.77KB,4.00MB,19.89,175245,532480,171.14KB,520.00KB,32.91,,,,,,
2026-08-05T11:21:36.215576Z,678628,155692,19553,853873,d0771,firmware.elf,834320,4194304,814.77KB,4.00MB,19.89,175245,532480,171.14KB,520.00KB,32.91,,,,,,
2026-08-05T11:21:36.997136Z,678628,155692,19553,853873,d0771,firmware.elf,834320,4194304,814.77KB,4.00MB,19.89,175245,532480,171.14KB,520.00KB,32.91,,,,,,
2026-08-05T11:21:37.772361Z,678628,155692,19553,853873,d0771,firmware.elf,834320,4194304,814.77KB,4.00MB,19.89,175245,532480,171.14KB,520.00KB,32.91,,,,,,
2026-08-05T11:21:38.610454Z,678628,155692,19553,853873,d0771,firmware.elf,834320,4194304,814.77KB,4.00MB,19.89,175245,532480,171.14KB,520.00KB,32.91,,,,,,
2026-08-05T11:21:39.449181Z,678628,155692,19553,853873,d0771,firmware.elf,834320,4194304,814.77KB,4.00MB,19.89,175245,532480,171.14KB,520.00KB,32.91,,,,,,
2026-08-05T11:21:40.287638Z,678628,155692,19553,853873,d0771,firmware.elf,834320,4194304,814.77KB,4.00MB,19.89,175245,532480,171.14KB,520.00KB,32.91,,,,,,
2026-08-05T11:21:41.084124Z,678628,155692,19553,853873,d0771,firmware.elf,834320,4194304,814.77KB,4.00MB,19.89,175245,532480,171.14KB,520.00KB,32.91,,,,,,
2026-08-05T11:21:41.902307Z,678628,155692,19553,853873,d0771,firmware.elf,834320,4194304,814.77KB,4.00MB,19.89,175245,532480,171.14KB,520.00KB,32.91,,,,,,
2026-08-05T11:21:42.661634Z,678628,155692,19553,853873,d0771,firmware.elf,834320,4194304,814.77KB,4.00MB,19.89,175245,532480,171.14KB,520.00KB,32.91,,,,,,
2026-08-05T11:21:43.405298Z,678628,155692,19553,853873,d0771,firmware.elf,834320,4194304,814.77KB,4.00MB,19.89,175245,532480,171.14KB,520.00KB,32.91,,,,,,
2026-08-05T11:21:44.168925Z,678628,155692,19553,853873,d0771,firmware.elf,834320,4194304,814.77KB,4.00MB,19.89,175245,532480,171.14KB,520.00KB,32.91,,,,,,
2026-08-05T11:21:44.930484Z,678628,155692,19553,853873,d0771,firmware.elf,834320,4194304,814.77KB,4.00MB,19.89,175245,532480,171.14KB,520.00KB,32.91,,,,,,
2026-08-05T11:21:45.709656Z,678628,155692,19553,853873,d0771,firmware.elf,834320,4194304,814.77KB,4.00MB,19.89,175245,532480,171.14KB,520.00KB,32.91,,,,,,
2026-08-05T11:21:46.464151Z,678628,155692,19553,853873,d0771,firmware.elf,834320,4194304,814.77KB,4.00MB,19.89,175245,532480,171.14KB,520.00KB,32.91,,,,,,
2026-08-05T11:21:47.194328Z,678628,155692,19553,853873,d0771,firmware.elf,834320,4194304,814.77KB,4.00MB,19.89,175245,532480,171.14KB,520.00KB,32.91,,,,,,
2026-08-05T11:21:47.954234Z,678628,155692,19553,853873,d0771,firmware.elf,834320,4194304,814.77KB,4.00MB,19.89,175245,532480,171.14KB,520.00KB,32.91,,,,,,
2026-08-05T11:21:48.689635Z,678628,155692,19553,853873,d0771,firmware.elf,834320,4194304,814.77KB,4.00MB,19.89,175245,532480,171.14KB,520.00KB,32.91,,,,,,
2026-08-05T11:21:49.445230Z,678628,155692,19553,853873,d0771,firmware.elf,834320,4194304,814.77KB,4.00MB,19.89,175245,532480,171.14KB,520.00KB,32.91,,,,,,
2026-08-05T11:21:50.237114Z,678628,155692,19553,853873,d0771,firmware.elf,834320,4194304,814.77KB,4.00MB,19.89,175245,532480,171.14KB,520.00KB,32.91,,,,,,
2026-08-05T11:21:50.951694Z,678628,155692,19553,853873,d0771,firmware.elf,834320,4194304,814.77KB,4.00MB,19.89,175245,532480,171.14KB,520.00KB,32.91,,,,,,
2026-08-05T11:21:51.728536Z,678628,155692,19553,853873,d0771,firmware.elf,834320,4194304,814.77KB,4.00MB,19.89,175245,532480,171.14KB,520.00KB,32.91,,,,,,
2026-08-05T11:21:52.518051Z,678628,155692,19553,853873,d0771,firmware.elf,834320,4194304,814.77KB,4.00MB,19.89,175245,532480,171.14KB,520.00KB,32.91,,,,,,
2026-08-05T11:21:53.292793Z,678628,155692,19553,853873,d0771,firmware.elf,834320,4194304,814.77KB,4.00MB,19.89,175245,532480,171.14KB,520.00KB,32.91,,,,,,
2026-08-05T11:21:54.107779Z,678628,155692,19553,853873,d0771,firmware.elf,834320,4194304,814.77KB,4.00MB,19.89,175245,532480,171.14KB,520.00KB,32.91,,,,,,
2026-08-05T11:21:54.895749Z,678628,155692,19553,853873,d0771,firmware.elf,834320,4194304,814.77KB,4.00MB,19.89,175245,532480,171.14KB,520.00KB,32.91,,,,,,
2026-08-05T11:21:55.629431Z,678628,155692,19553,853873,d0771,firmware.elf,834320,4194304,814.77KB,4.00MB,19.89,175245,532480,171.14KB,520.00KB,32.91,,,,,,
2026-08-05T11:21:56.363655Z,678628,155692,19553,853873,d0771,firmware.elf,834320,4194304,814.77KB,4.00MB,19.89,175245,532480,171.14KB,520.00KB,32.91,,,,,,
2026-08-05T11:21:57.126280Z,678628,155692,19553,853873,d0771,firmware.elf,834320,4194304,814.77KB,4.00MB,19.89,175245,532480,171.14KB,520.00KB,32.91,,,,,,
2026-08-05T11:21:57.862589Z,678628,155692,19553,853873,d0771,firmware.elf,834320,4194304,814.77KB,4.00MB,19.89,175245,532480,171.14KB,520.00KB,32.91,,,,,,
2026-08-05T11:21:58.635903Z,678628,155692,19553,853873,d0771,firmware.elf,834320,4194304,814.77KB,4.00MB,19.89,175245,532480,171.14KB,520.00KB,32.91,,,,,,
2026-08-05T11:21:59.382249Z,678628,155692,19553,853873,d0771,firmware.elf,834320,4194304,814.77KB,4.00MB,19.89,175245,532480,171.14KB,520.00KB,32.91,,,,,,
2026-08-05T11:22:00.191726Z,678628,155692,19553,853873,d0771,firmware.elf,834320,4194304,814.77KB,4.00MB,19.89,175245,532480,171.14KB,520.00KB,32.91,,,,,,
2026-08-05T11:22:01.038500Z,678628,155692,19553,853873,d0771,firmware.elf,834320,4194304,814.77KB,4.00MB,19.89,175245,532480,171.14KB,520.00KB,32.91,,,,,,
2026-08-05T11:22:01.809380Z,678628,155692,19553,853873,d0771,firmware.elf,834320,4194304,814.77KB,4.00MB,19.89,175245,532480,171.14KB,520.00KB,32.91,,,,,,
2026-08-05T11:22:02.659005Z,678628,155692,19553,853873,d0771,firmware.elf,834320,4194304,814.77KB,4.00MB,19.89,175245,532480,171.14KB,520.00KB,32.91,,,,,,
2026-08-05T11:22:03.482545Z,678628,155692,19553,853873,d0771,firmware.elf,834320,4194304,814.77KB,4.00MB,19.89,175245,532480,171.14KB,520.00KB,32.91,,,,,,
2026-08-05T11:22:04.300836Z,678628,155692,19553,853873,d0771,firmware.elf,834320,4194304,814.77KB,4.00MB,19.89,175245,532480,171.14KB,520.00KB,32.91,,,,,,
2026-08-05T11:22:05.044564Z,678628,155692,19553,853873,d0771,firmware.elf,834320,4194304,814.77KB,4.00MB,19.89,175245,532480,171.14KB,520.00KB,32.91,,,,,,
2026-08-05T11:22:05.809716Z,678628,155692,19553,853873,d0771,firmware.elf,834320,4194304,814.77KB,4.00MB,19.89,175245,532480,171.14KB,520.00KB,32.91,,,,,,
2026-08-05T11:22:06.549271Z,678628,155692,19553,853873,d0771,firmware.elf,834320,4194304,814.77KB,4.00MB,19.89,175245,532480,171.14KB,520.00KB,32.91,,,,,,
2026-08-05T11:22:07.340755Z,678628,155692,19553,853873,d0771,firmware.elf,834320,4194304,814.77KB,4.00MB,19.89,175245,532480,171.14KB,520.00KB,32.91,,,,,,
2026-08-05T11:22:08.105988Z,678628,155692,19553,853873,d0771,firmware.elf,834320,4194304,814.77KB,4.00MB,19.89,175245,532480,171.14KB,520.00KB,32.91,,,,,,
2026-08-05T11:22:08.857968Z,678628,155692,19553,853873,d0771,firmware.elf,834320,4194304,814.77KB,4.00MB,19.89,175245,532480,171.14KB,520.00KB,32.91,,,,,,
2026-08-05T11:22:09.658744Z,678628,155692,19553,853873,d0771,firmware.elf,834320,4194304,814.77KB,4.00MB,19.89,175245,532480,171.14KB,520.00KB,32.91,,,,,,
2026-08-05T11:22:10.447284Z,678628,155692,19553,853873,d0771,firmware.elf,834320,4194304,814.77KB,4.00MB,19.89,175245,532480,171.14KB,520.00KB,32.91,,,,,,
2026-08-05T11:22:11.276869Z,678628,155692,19553,853873,d0771,firmware.elf,834320,4194304,814.77KB,4.00MB,19.89,175245,532480,171.14KB,520.00KB,32.91,,,,,,
2026-08-05T11:22:12.034872Z,678628,155692,19553,853873,d0771,firmware.elf,834320,4194304,814.77KB,4.00MB,19.89,175245,532480,171.14KB,520.00KB,32.91,,,,,,
2026-08-05T11:22:12.775586Z,678628,155692,19553,853873,d0771,firmware.elf,834320,4194304,814.77KB,4.00MB,19.89,175245,532480,171.14KB,520.00KB,32.91,,,,,,
2026-08-05T11:22:13.577086Z,678628,155692,19553,853873,d0771,firmware.elf,834320,4194304,814.77KB,4.00MB,19.89,175245,532480,171.14KB,520.00KB,32.91,,,,,,
2026-08-05T11:22:14.346066Z,678628,155692,19553,853873,d0771,firmware.elf,834320,4194304,814.77KB,4.00MB,19.89,175245,532480,171.14KB,520.00KB,32.91,,,,,,
2026-08-05T11:22:15.064706Z,678628,155692,19553,853873,d0771,firmware.elf,834320,4194304,814.77KB,4.00MB,19.89,175245,532480,171.14KB,520.00KB,32.91,,,,,,
2026-08-05T11:22:15.804207Z,678628,155692,19553,853873,d0771,firmware.elf,834320,4194304,814.77KB,4.00MB,19.89,175245,532480,171.14KB,520.00KB,32.91,,,,,,
2026-08-05T11:22:16.517008Z,678628,155692,19553,853873,d0771,firmware.elf,834320,4194304,814.77KB,4.00MB,19.89,175245,532480,171.14KB,520.00KB,32.91,,,,,,
2026-08-05T11:22:17.190396Z,678628,155692,19553,853873,d0771,firmware.elf,834320,4194304,814.77KB,4.00MB,19.89,175245,532480,171.14KB,520.00KB,32.91,,,,,,
2026-08-05T11:22:17.927781Z,678628,155692,19553,853873,d0771,firmware.elf,834320,4194304,814.77KB,4.00MB,19.89,175245,532480,171.14KB,520.00KB,32.91,,,,,,
2026-08-05T11:22:18.618567Z,678628,155692,19553,853873,d0771,firmware.elf,834320,4194304,814.77KB,4.00MB,19.89,175245,532480,171.14KB,520.00KB,32.91,,,,,,
2026-08-05T11:22:19.252927Z,678628,155692,19553,853873,d0771,firmware.elf,834320,4194304,814.77KB,4.00MB,19.89,175245,532480,171.14KB,520.00KB,32.91,,,,,,
2026-08-05T11:22:19.885931Z,678628,155692,19553,853873,d0771,firmware.elf,834320,4194304,814.77KB,4.00MB,19.89,175245,532480,171.14KB,520.00KB,32.91,,,,,,
2026-08-05T11:22:20.551789Z,678628,155692,19553,853873,d0771,firmware.elf,834320,4194304,814.77KB,4.00MB,19.89,175245,532480,171.14KB,520.00KB,32.91,,,,,,
2026-08-05T11:22:21.196556Z,678628,155692,19553,853873,d0771,firmware.elf,834320,4194304,814.77KB,4.00MB,19.89,175245,532480,171.14KB,520.00KB,32.91,,,,,,
2026-08-05T11:22:21.840074Z,678628,155692,19553,853873,d0771,firmware.elf,834320,4194304,814.77KB,4.00MB,19.89,175245,532480,171.14KB,520.00KB,32.91,,,,,,
2026-08-05T11:22:22.522428Z,678628,155692,19553,853873,d0771,firmware.elf,834320,4194304,814.77KB,4.00MB,19.89,175245,532480,171.14KB,520.00KB,32.91,,,,,,
2026-08-05T11:22:23.161226Z,678628,155692,19553,853873,d0771,firmware.elf,834320,4194304,814.77KB,4.00MB,19.89,175245,532480,171.14KB,520.00KB,32.91,,,,,,
2026-08-05T11:22:23.765296Z,678628,155692,19553,853873,d0771,firmware.elf,834320,4194304,814.77KB,4.00MB,19.89,175245,532480,171.14KB,520.00KB,32.91,,,,,,
2026-08-05T11:22:24.373613Z,678628,155692,19553,853873,d0771,firmware.elf,834320,4194304,814.77KB,4.00MB,19.89,175245,532480,171.14KB,520.00KB,32.91,,,,,,
2026-08-05T11:22:24.987568Z,678628,155692,19553,853873,d0771,firmware.elf,834320,4194304,814.77KB,4.00MB,19.89,175245,532480,171.14KB,520.00KB,32.91,,,,,,
2026-08-05T11:22:25.597164Z,678628,155692,19553,853873,d0771,firmware.elf,834320,4194304,814.77KB,4.00MB,19.89,175245,532480,171.14KB,520.00KB,32.91,,,,,,
2026-08-05T11:22:26.233762Z,678628,155692,19553,853873,d0771,firmware.elf,834320,4194304,814.77KB,4.00MB,19.89,175245,532480,171.14KB,520.00KB,32.91,,,,,,
2026-08-05T11:22:26.843685Z,678628,155692,19553,853873,d0771,firmware.elf,834320,4194304,814.77KB,4.00MB,19.89,175245,532480,171.14KB,520.00KB,32.91,,,,,,
2026-08-05T11:22:27.450053Z,678628,155692,19553,853873,d0771,firmware.elf,834320,4194304,814.77KB,4.00MB,19.89,175245,532480,171.14KB,520.00KB,32.91,,,,,,
2026-08-05T11:22:28.062939Z,678628,155692,19553,853873,d0771,firmware.elf,834320,4194304,814.77KB,4.00MB,19.89,175245,532480,171.14KB,520.00KB,32.91,,,,,,
2026-08-05T11:22:28.723721Z,678628,155692,19553,853873,d0771,firmware.elf,834320,4194304,814.77KB,4.00MB,19.89,175245,532480,171.14KB,520.00KB,32.91,,,,,,
2026-08-05T11:22:29.383294Z,678628,155692,19553,853873,d0771,firmware.elf,834320,4194304,814.77KB,4.00MB,19.89,175245,532480,171.14KB,520.00KB,32.91,,,,,,
2026-08-05T11:22:29.999883Z,678628,155692,19553,853873,d0771,firmware.elf,834320,4194304,814.77KB,4.00MB,19.89,175245,532480,171.14KB,520.00KB,32.91,,,,,,
2026-08-05T11:22:30.644604Z,678628,155692,19553,853873,d0771,firmware.elf,834320,4194304,814.77KB,4.00MB,19.89,175245,532480,171.14KB,520.00KB,32.91,,,,,,
2026-08-05T11:22:31.235864Z,678628,155692,19553,853873,d0771,firmware.elf,834320,4194304,814.77KB,4.00MB,19.89,175245,532480,171.14KB,520.00KB,32.91,,,,,,
2026-08-05T11:22:31.828186Z,678628,155692,19553,853873,d0771,firmware.elf,834320,4194304,814.77KB,4.00MB,19.89,175245,532480,171.14KB,520.00KB,32.91,,,,,,
2026-08-05T11:22:32.437424Z,678628,155692,19553,853873,d0771,firmware.elf,834320,4194304,814.77KB,4.00MB,19.89,175245,532480,171.14KB,520.00KB,32.91,,,,,,
2026-08-05T11:22:33.052353Z,678628,155692,19553,853873,d0771,firmware.elf,834320,4194304,814.77KB,4.00MB,19.89,175245,532480,171.14KB,520.00KB,32.91,,,,,,
2026-08-05T11:22:33.660135Z,678628,155692,19553,853873,d0771,firmware.elf,834320,4194304,814.77KB,4.00MB,19.89,175245,532480,171.14KB,520.00KB,32.91,,,,,,
2026-08-05T11:22:34.274225Z,678628,155692,19553,853873,d0771,firmware.elf,834320,4194304,814.77KB,4.00MB,19.89,175245,532480,171.14KB,520.00KB,32.91,,,,,,
2026-08-05T11:22:34.931870Z,678628,155692,19553,853873,d0771,firmware.elf,834320,4194304,814.77KB,4.00MB,19.89,175245,532480,171.14KB,520.00KB,32.91,,,,,,
2026-08-05T11:22:35.533951Z,678628,155692,19553,853873,d0771,firmware.elf,834320,4194304,814.77KB,4.00MB,19.89,175245,532480,171.14KB,520.00KB,32.91,,,,,,
2026-08-05T11:22:36.165394Z,678628,155692,19553,853873,d0771,firmware.elf,834320,4194304,814.77KB,4.00MB,19.89,175245,532480,171.14KB,520.00KB,32.91,,,,,,
2026-08-05T11:22:36.797973Z,678628,155692,19553,853873,d0771,firmware.elf,834320,4194304,814.77KB,4.00MB,19.89,175245,532480,171.14KB,520.00KB,32.91,,,,,,
2026-08-05T11:22:37.394280Z,678628,155692,19553,853873,d0771,firmware.elf,834320,4194304,814.77KB,4.00MB,19.89,175245,532480,171.14KB,520.00KB,32.91,,,,,,
2026-08-05T11:22:38.011424Z,678628,155692,19553,853873,d0771,firmware.elf,834320,4194304,814.77KB,4.00MB,19.89,175245,532480,171.14KB,520.00KB,32.91,,,,,,
2026-08-05T11:22:38.619279Z,678628,155692,19553,853873,d0771,firmware.elf,834320,4194304,814.77KB,4.00MB,19.89,175245,532480,171.14KB,520.00KB,32.91,,,,,,
2026-08-05T11:22:39.204285Z,678628,155692,19553,853873,d0771,firmware.elf,834320,4194304,814.77KB,4.00MB,19.89,175245,532480,171.14KB,520.00KB,32.91,,,,,,
2026-08-05T11:22:39.780169Z,678628,155692,19553,853873,d0771,firmware.elf,834320,4194304,814.77KB,4.00MB,19.89,175245,532480,171.14KB,520.00KB,32.91,,,,,,
2026-08-05T11:22:40.427352Z,678628,155692,19553,853873,d0771,firmware.elf,834320,4194304,814.77KB,4.00MB,19.89,175245,532480,171.14KB,520.00KB,32.91,,,,,,
2026-08-05T11:22:41.044305Z,678628,155692,19553,853873,d0771,firmware.elf,834320,4194304,814.77KB,4.00MB,19.89,175245,532480,171.14KB,520.00KB,32.91,,,,,,
2026-08-05T11:22:41.659814Z,678628,155692,19553,853873,d0771,firmware.elf,834320,4194304,814.77KB,4.00MB,19.89,175245,532480,171.14KB,520.00KB,32.91,,,,,,
2026-08-05T11:22:42.320563Z,678628,155692,19553,853873,d0771,firmware.elf,834320,4194304,814.77KB,4.00MB,19.89,175245,532480,171.14KB,520.00KB,32.91,,,,,,
2026-08-05T11:22:42.951231Z,678628,155692,19553,853873,d0771,firmware.elf,834320,4194304,814.77KB,4.00MB,19.89,175245,532480,171.14KB,520.00KB,32.91,,,,,,
2026-08-05T11:22:43.638803Z,678628,155692,19553,853873,d0771,firmware.elf,834320,4194304,814.77KB,4.00MB,19.89,175245,532480,171.14KB,520.00KB,32.91,,,,,,
2026-08-05T11:22:44.319926Z,678628,155692,19553,853873,d0771,firmware.elf,834320,4194304,814.77KB,4.00MB,19.89,175245,532480,171.14KB,520.00KB,32.91,,,,,,
2026-08-05T11:22:44.986151Z,678628,155692,19553,853873,d0771,firmware.elf,834320,4194304,814.77KB,4.00MB,19.89,175245,532480,171.14KB,520.00KB,32.91,,,,,,
2026-08-05T11:22:45.630659Z,678628,155692,19553,853873,d0771,firmware.elf,834320,4194304,814.77KB,4.00MB,19.89,175245,532480,171.14KB,520.00KB,32.91,,,,,,
2026-08-05T11:22:46.294586Z,678628,155692,19553,853873,d0771,firmware.elf,834320,4194304,814.77KB,4.00MB,19.89,175245,532480,171.14KB,520.00KB,32.91,,,,,,
2026-08-05T11:22:46.946117Z,678628,155692,19553,853873,d0771,firmware.elf,834320,4194304,814.77KB,4.00MB,19.89,175245,532480,171.14KB,520.00KB,32.91,,,,,,
2026-08-05T11:22:47.590438Z,678628,155692,19553,853873,d0771,firmware.elf,834320,4194304,814.77KB,4.00MB,19.89,175245,532480,171.14KB,520.00KB,32.91,,,,,,
2026-08-05T11:22:48.213684Z,678628,155692,19553,853873,d0771,firmware.elf,834320,4194304,814.77KB,4.00MB,19.89,175245,532480,171.14KB,520.00KB,32.91,,,,,,
2026-08-05T11:22:48.850952Z,678628,155692,19553,853873,d0771,firmware.elf,834320,4194304,814.77KB,4.00MB,19.89,175245,532480,171.14KB,520.00KB,32.91,,,,,,
2026-08-05T11:22:49.470094Z,678628,155692,19553,853873,d0771,firmware.elf,834320,4194304,814.77KB,4.00MB,19.89,175245,532480,171.14KB,520.00KB,32.91,,,,,,
2026-08-05T11:22:50.113621Z,678628,155692,19553,853873,d0771,firmware.elf,834320,4194304,814.77KB,4.00MB,19.89,175245,532480,171.14KB,520.00KB,32.91,,,,,,
2026-08-05T11:22:50.720909Z,678628,155692,19553,853873,d0771,firmware.elf,834320,4194304,814.77KB,4.00MB,19.89,175245,532480,171.14KB,520.00KB,32.91,,,,,,
2026-08-05T11:22:51.346154Z,678628,155692,19553,853873,d0771,firmware.elf,834320,4194304,814.77KB,4.00MB,19.89,175245,532480,171.14KB,520.00KB,32.91,,,,,,
2026-08-05T11:22:51.988781Z,678628,155692,19553,853873,d0771,firmware.elf,834320,4194304,814.77KB,4.00MB,19.89,175245,532480,171.14KB,520.00KB,32.91,,,,,,
2026-08-05T11:22:52.612726Z,678628,155692,19553,853873,d0771,firmware.elf,834320,4194304,814.77KB,4.00MB,19.89,175245,532480,171.14KB,520.00KB,32.91,,,,,,
2026-08-05T11:22:53.257053Z,678628,155692,19553,853873,d0771,firmware.elf,834320,4194304,814.77KB,4.00MB,19.89,175245,532480,171.14KB,520.00KB,32.91,,,,,,
2026-08-05T11:22:53.865218Z,678628,155692,19553,853873,d0771,firmware.elf,834320,4194304,814.77KB,4.00MB,19.89,175245,532480,171.14KB,520.00KB,32.91,,,,,,
2026-08-05T11:22:54.481637Z,678628,155692,19553,853873,d0771,firmware.elf,834320,4194304,814.77KB,4.00MB,19.89,175245,532480,171.14KB,520.00KB,32.91,,,,,,
2026-08-05T11:22:55.144793Z,678628,155692,19553,853873,d0771,firmware.elf,834320,4194304,814.77KB,4.00MB,19.89,175245,532480,171.14KB,520.00KB,32.91,,,,,,
2026-08-05T11:22:55.823216Z,678628,155692,19553,853873,d0771,firmware.elf,834320,4194304,814.77KB,4.00MB,19.89,175245,532480,171.14KB,520.00KB,32.91,,,,,,
2026-08-05T11:22:56.499774Z,678628,155692,19553,853873,d0771,firmware.elf,834320,4194304,814.77KB,4.00MB,19.89,175245,532480,171.14KB,520.00KB,32.91,,,,,,
2026-08-05T11:22:57.159878Z,678628,155692,19553,853873,d0771,firmware.elf,834320,4194304,814.77KB,4.00MB,19.89,175245,532480,171.14KB,520.00KB,32.91,,,,,,
2026-08-05T11:22:57.890773Z,678628,155692,19553,853873,d0771,firmware.elf,834320,4194304,814.77KB,4.00MB,19.89,175245,532480,171.14KB,520.00KB,32.91,,,,,,
2026-08-05T11:22:58.596054Z,678628,155692,19553,853873,d0771,firmware.elf,834320,4194304,814.77KB,4.00MB,19.89,175245,532480,171.14KB,520.00KB,32.91,,,,,,
2026-08-05T11:22:59.239290Z,678628,155692,19553,853873,d0771,firmware.elf,834320,4194304,814.77KB,4.00MB,19.89,175245,532480,171.14KB,520.00KB,32.91,,,,,,
2026-08-05T11:22:59.907050Z,678628,155692,19553,853873,d0771,firmware.elf,834320,4194304,814.77KB,4.00MB,19.89,175245,532480,171.14KB,520.00KB,32.91,,,,,,
2026-08-05T11:23:00.616663Z,678628,155692,19553,853873,d0771,firmware.elf,834320,4194304,814.77KB,4.00MB,19.89,175245,532480,171.14KB,520.00KB,32.91,,,,,,
2026-08-05T11:23:01.281591Z,678628,155692,19553,853873,d0771,firmware.elf,834320,4194304,814.77KB,4.00MB,19.89,175245,532480,171.14KB,520.00KB,32.91,,,,,,
2026-08-05T11:23:01.920403Z,678628,155692,19553,853873,d0771,firmware.elf,834320,4194304,814.77KB,4.00MB,19.89,175245,532480,171.14KB,520.00KB,32.91,,,,,,
2026-08-05T11:23:02.529389Z,678628,155692,19553,853873,d0771,firmware.elf,834320,4194304,814.77KB,4.00MB,19.89,175245,532480,171.14KB,520.00KB,32.91,,,,,,
2026-08-05T11:23:03.136795Z,678628,155692,19553,853873,d0771,firmware.elf,834320,4194304,814.77KB,4.00MB,19.89,175245,532480,171.14KB,520.00KB,32.91,,,,,,
2026-08-05T11:23:03.739259Z,678628,155692,19553,853873,d0771,firmware.elf,834320,4194304,814.77KB,4.00MB,19.89,175245,532480,171.14KB,520.00KB,32.91,,,,,,
2026-08-05T11:23:04.366400Z,678628,155692,19553,853873,d0771,firmware.elf,834320,4194304,814.77KB,4.00MB,19.89,175245,532480,171.14KB,520.00KB,32.91,,,,,,
2026-08-05T11:23:05.002543Z,678628,155692,19553,853873,d0771,firmware.elf,834320,4194304,814.77KB,4.00MB,19.89,175245,532480,171.14KB,520.00KB,32.91,,,,,,
2026-08-05T11:23:05.659153Z,678628,155692,19553,853873,d0771,firmware.elf,834320,4194304,814.77KB,4.00MB,19.89,175245,532480,171.14KB,520.00KB,32.91,,,,,,
2026-08-05T11:23:06.284859Z,678628,155692,19553,853873,d0771,firmware.elf,834320,4194304,814.77KB,4.00MB,19.89,175245,532480,171.14KB,520.00KB,32.91,,,,,,
2026-08-05T11:23:06.918493Z,678628,155692,19553,853873,d0771,firmware.elf,834320,4194304,814.77KB,4.00MB,19.89,175245,532480,171.14KB,520.00KB,32.91,,,,,,
2026-08-05T11:23:07.517099Z,678628,155692,19553,853873,d0771,firmware.elf,834320,4194304,814.77KB,4.00MB,19.89,175245,532480,171.14KB,520.00KB,32.91,,,,,,
2026-08-05T11:23:08.127273Z,678628,155692,19553,853873,d0771,firmware.elf,834320,4194304,814.77KB,4.00MB,19.89,175245,532480,171.14KB,520.00KB,32.91,,,,,,
2026-08-05T11:23:08.740635Z,678628,155692,19553,853873,d0771,firmware.elf,834320,4194304,814.77KB,4.00MB,19.89,175245,532480,171.14KB,520.00KB,32.91,,,,,,
2026-08-05T11:23:09.344880Z,678628,155692,19553,853873,d0771,firmware.elf,834320,4194304,814.77KB,4.00MB,19.89,175245,532480,171.14KB,520.00KB,32.91,,,,,,
2026-08-05T11:23:09.956094Z,678628,155692,19553,853873,d0771,firmware.elf,834320,4194304,814.77KB,4.00MB,19.89,175245,532480,171.14KB,520.00KB,32.91,,,,,,
2026-08-05T11:23:10.560275Z,678628,155692,19553,853873,d0771,firmware.elf,834320,4194304,814.77KB,4.00MB,19.89,175245,532480,171.14KB,520.00KB,32.91,,,,,,
2026-08-05T11:23:11.221386Z,678628,155692,19553,853873,d0771,firmware.elf,834320,4194304,814.77KB,4.00MB,19.89,175245,532480,171.14KB,520.00KB,32.91,,,,,,
2026-08-05T11:23:11.819501Z,678628,155692,19553,853873,d0771,firmware.elf,834320,4194304,814.77KB,4.00MB,19.89,175245,532480,171.14KB,520.00KB,32.91,,,,,,
2026-08-05T11:23:12.431096Z,678628,155692,19553,853873,d0771,firmware.elf,834320,4194304,814.77KB,4.00MB,19.89,175245,532480,171.14KB,520.00KB,32.91,,,,,,
2026-08-05T11:23:13.051846Z,678628,155692,19553,853873,d0771,firmware.elf,834320,4194304,814.77KB,4.00MB,19.89,175245,532480,171.14KB,520.00KB,32.91,,,,,,
2026-08-05T11:23:13.667632Z,678628,155692,19553,853873,d0771,firmware.elf,834320,4194304,814.77KB,4.00MB,19.89,175245,532480,171.14KB,520.00KB,32.91,,,,,,
2026-08-05T11:23:14.267874Z,678628,155692,19553,853873,d0771,firmware.elf,834320,4194304,814.77KB,4.00MB,19.89,175245,532480,171.14KB,520.00KB,32.91,,,,,,
2026-08-05T11:23:14.884284Z,678628,155692,19553,853873,d0771,firmware.elf,834320,4194304,814.77KB,4.00MB,19.89,175245,532480,171.14KB,520.00KB,32.91,,,,,,
2026-08-05T11:23:15.522439Z,678628,155692,19553,853873,d0771,firmware.elf,834320,4194304,814.77KB,4.00MB,19.89,175245,532480,171.14KB,520.00KB,32.91,,,,,,
2026-08-05T11:23:16.133366Z,678628,155692,19553,853873,d0771,firmware.elf,834320,4194304,814.77KB,4.00MB,19.89,175245,532480,171.14KB,520.00KB,32.91,,,,,,
2026-08-05T11:23:16.740748Z,678628,155692,19553,853873,d0771,firmware.elf,834320,4194304,814.77KB,4.00MB,19.89,175245,532480,171.14KB,520.00KB,32.91,,,,,,
2026-08-05T11:23:17.356581Z,678628,155692,19553,853873,d0771,firmware.elf,834320,4194304,814.77KB,4.00MB,19.89,175245,532480,171.14KB,520.00KB,32.91,,,,,,
2026-08-05T11:23:17.988217Z,678628,155692,19553,853873,d0771,firmware.elf,834320,4194304,814.77KB,4.00MB,19.89,175245,532480,171.14KB,520.00KB,32.91,,,,,,
2026-08-05T11:23:18.617247Z,678628,155692,19553,853873,d0771,firmware.elf,834320,4194304,814.77KB,4.00MB,19.89,175245,532480,171.14KB,520.00KB,32.91,,,,,,
2026-08-05T11:23:19.228035Z,678628,155692,19553,853873,d0771,firmware.elf,834320,4194304,814.77KB,4.00MB,19.89,175245,532480,171.14KB,520.00KB,32.91,,,,,,
2026-08-05T11:23:19.837737Z,678628,155692,19553,853873,d0771,firmware.elf,834320,4194304,814.77KB,4.00MB,19.89,175245,532480,171.14KB,520.00KB,32.91,,,,,,
2026-08-05T11:23:20.462265Z,678628,155692,19553,853873,d0771,firmware.elf,834320,4194304,814.77KB,4.00MB,19.89,175245,532480,171.14KB,520.00KB,32.91,,,,,,
2026-08-05T11:23:21.090780Z,678628,155692,19553,853873,d0771,firmware.elf,834320,4194304,814.77KB,4.00MB,19.89,175245,532480,171.14KB,520.00KB,32.91,,,,,,
2026-08-05T11:23:21.713026Z,678628,155692,19553,853873,d0771,firmware.elf,834320,4194304,814.77KB,4.00MB,19.89,175245,532480,171.14KB,520.00KB,32.91,,,,,,
2026-08-05T11:23:22.360977Z,678628,155692,19553,853873,d0771,firmware.elf,834320,4194304,814.77KB,4.00MB,19.89,175245,532480,171.14KB,520.00KB,32.91,,,,,,
2026-08-05T11:23:23.001577Z,678628,155692,19553,853873,d0771,firmware.elf,834320,4194304,814.77KB,4.00MB,19.89,175245,532480,171.14KB,520.00KB,32.91,,,,,,
2026-08-05T11:23:23.637729Z,678628,155692,19553,853873,d0771,firmware.elf,834320,4194304,814.77KB,4.00MB,19.89,175245,532480,171.14KB,520.00KB,32.91,,,,,,
2026-08-05T11:23:24.275596Z,678628,155692,19553,853873,d0771,firmware.elf,834320,4194304,814.77KB,4.00MB,19.89,175245,532480,171.14KB,520.00KB,32.91,,,,,,
2026-08-05T11:23:24.889085Z,678628,155692,19553,853873,d0771,firmware.elf,834320,4194304,814.77KB,4.00MB,19.89,175245,532480,171.14KB,520.00KB,32.91,,,,,,
2026-08-05T11:23:25.526714Z,678628,155692,19553,853873,d0771,firmware.elf,834320,4194304,814.77KB,4.00MB,19.89,175245,532480,171.14KB,520.00KB,32.91,,,,,,
2026-08-05T11:23:26.193731Z,678628,155692,19553,853873,d0771,firmware.elf,834320,4194304,814.77KB,4.00MB,19.89,175245,532480,171.14KB,520.00KB,32.91,,,,,,
2026-08-05T11:23:26.820940Z,678628,155692,19553,853873,d0771,firmware.elf,834320,4194304,814.77KB,4.00MB,19.89,175245,532480,171.14KB,520.00KB,32.91,,,,,,
2026-08-05T11:23:27.445360Z,678628,155692,19553,853873,d0771,firmware.elf,834320,4194304,814.77KB,4.00MB,19.89,175245,532480,171.14KB,520.00KB,32.91,,,,,,
2026-08-05T11:23:28.089601Z,678628,155692,19553,853873,d0771,firmware.elf,834320,4194304,814.77KB,4.00MB,19.89,175245,532480,171.14KB,520.00KB,32.91,,,,,,
2026-08-05T11:23:28.746970Z,678628,155692,19553,853873,d0771,firmware.elf,834320,4194304,814.77KB,4.00MB,19.89,175245,532480,171.14KB,520.00KB,32.91,,,,,,
2026-08-05T11:23:29.404571Z,678628,155692,19553,853873,d0771,firmware.elf,834320,4194304,814.77KB,4.00MB,19.89,175245,532480,171.14KB,520.00KB,32.91,,,,,,
2026-08-05T11:23:30.044435Z,678628,155692,19553,853873,d0771,firmware.elf,834320,4194304,814.77KB,4.00MB,19.89,175245,532480,171.14KB,520.00KB,32.91,,,,,,
2026-08-05T11:23:30.716694Z,678628,155692,19553,853873,d0771,firmware.elf,834320,4194304,814.77KB,4.00MB,19.89,175245,532480,171.14KB,520.00KB,32.91,,,,,,
2026-08-05T11:23:31.370578Z,678628,155692,19553,853873,d0771,firmware.elf,834320,4194304,814.77KB,4.00MB,19.89,175245,532480,171.14KB,520.00KB,32.91,,,,,,
2026-08-05T11:23:32.044114Z,678628,155692,19553,853873,d0771,firmware.elf,834320,4194304,814.77KB,4.00MB,19.89,175245,532480,171.14KB,520.00KB,32.91,,,,,,
2026-08-05T11:23:32.684953Z,678628,155692,19553,853873,d0771,firmware.elf,834320,4194304,814.77KB,4.00MB,19.89,175245,532480,171.14KB,520.00KB,32.91,,,,,,
2026-08-05T11:23:33.344901Z,678628,155692,19553,853873,d0771,firmware.elf,834320,4194304,814.77KB,4.00MB,19.89,175245,532480,171.14KB,520.00KB,32.91,,,,,,
2026-08-05T11:23:34.019411Z,678628,155692,19553,853873,d0771,firmware.elf,834320,4194304,814.77KB,4.00MB,19.89,175245,532480,171.14KB,520.00KB,32.91,,,,,,
2026-08-05T11:23:34.672900Z,678628,155692,19553,853873,d0771,firmware.elf,834320,4194304,814.77KB,4.00MB,19.89,175245,532480,171.14KB,520.00KB,32.91,,,,,,
2026-08-05T11:23:35.340199Z,678628,155692,19553,853873,d0771,firmware.elf,834320,4194304,814.77KB,4.00MB,19.89,175245,532480,171.14KB,520.00KB,32.91,,,,,,
2026-08-05T11:23:36.022293Z,678628,155692,19553,853873,d0771,firmware.elf,834320,4194304,814.77KB,4.00MB,19.89,175245,532480,171.14KB,520.00KB,32.91,,,,,,
2026-08-05T11:23:36.671795Z,678628,155692,19553,853873,d0771,firmware.elf,834320,4194304,814.77KB,4.00MB,19.89,175245,532480,171.14KB,520.00KB,32.91,,,,,,
2026-08-05T11:23:37.295701Z,678628,155692,19553,853873,d0771,firmware.elf,834320,4194304,814.77KB,4.00MB,19.89,175245,532480,171.14KB,520.00KB,32.91,,,,,,
2026-08-05T11:23:37.946011Z,678628,155692,19553,853873,d0771,firmware.elf,834320,4194304,814.77KB,4.00MB,19.89,175245,532480,171.14KB,520.00KB,32.91,,,,,,
2026-08-05T11:23:38.559879Z,678628,155692,19553,853873,d0771,firmware.elf,834320,4194304,814.77KB,4.00MB,19.89,175245,532480,171.14KB,520.00KB,32.91,,,,,,
2026-08-05T11:23:39.223192Z,678628,155692,19553,853873,d0771,firmware.elf,834320,4194304,814.77KB,4.00MB,19.89,175245,532480,171.14KB,520.00KB,32.91,,,,,,
2026-08-05T11:23:39.886895Z,678628,155692,19553,853873,d0771,firmware.elf,834320,4194304,814.77KB,4.00MB,19.89,175245,532480,171.14KB,520.00KB,32.91,,,,,,
2026-08-05T11:23:40.514521Z,678628,155692,19553,853873,d0771,firmware.elf,834320,4194304,814.77KB,4.00MB,19.89,175245,532480,171.14KB,520.00KB,32.91,,,,,,
2026-08-05T11:23:41.151199Z,678628,155692,19553,853873,d0771,firmware.elf,834320,4194304,814.77KB,4.00MB,19.89,175245,532480,171.14KB,520.00KB,32.91,,,,,,
2026-08-05T11:23:41.791919Z,678628,155692,19553,853873,d0771,firmware.elf,834320,4194304,814.77KB,4.00MB,19.89,175245,532480,171.14KB,520.00KB,32.91,,,,,,
2026-08-05T11:23:42.422994Z,678628,155692,19553,853873,d0771,firmware.elf,834320,4194304,814.77KB,4.00MB,19.89,175245,532480,171.14KB,520.00KB,32.91,,,,,,
2026-08-05T11:23:43.071269Z,678628,155692,19553,853873,d0771,firmware.elf,834320,4194304,814.77KB,4.00MB,19.89,175245,532480,171.14KB,520.00KB,32.91,,,,,,
2026-08-05T11:23:43.755792Z,678628,155692,19553,853873,d0771,firmware.elf,834320,4194304,814.77KB,4.00MB,19.89,175245,532480,171.14KB,520.00KB,32.91,,,,,,
2026-08-05T11:23:44.404306Z,678628,155692,19553,853873,d0771,firmware.elf,834320,4194304,814.77KB,4.00MB,19.89,175245,532480,171.14KB,520.00KB,32.91,,,,,,
2026-08-05T11:23:45.065160Z,678628,155692,19553,853873,d0771,firmware.elf,834320,4194304,814.77KB,4.00MB,19.89,175245,532480,171.14KB,520.00KB,32.91,,,,,,
2026-08-05T11:23:45.693562Z,678628,155692,19553,853873,d0771,firmware.elf,834320,4194304,814.77KB,4.00MB,19.89,175245,532480,171.14KB,520.00KB,32.91,,,,,,
2026-08-05T11:23:46.360160Z,678628,155692,19553,853873,d0771,firmware.elf,834320,4194304,814.77KB,4.00MB,19.89,175245,532480,171.14KB,520.00KB,32.91,,,,,,
2026-08-05T11:23:47.015223Z,678628,155692,19553,853873,d0771,firmware.elf,834320,4194304,814.77KB,4.00MB,19.89,175245,532480,171.14KB,520.00KB,32.91,,,,,,
2026-08-05T11:23:47.651671Z,678628,155692,19553,853873,d0771,firmware.elf,834320,4194304,814.77KB,4.00MB,19.89,175245,532480,171.14KB,520.00KB,32.91,,,,,,
2026-08-05T11:23:48.299790Z,678628,155692,19553,853873,d0771,firmware.elf,834320,4194304,814.77KB,4.00MB,19.89,175245,532480,171.14KB,520.00KB,32.91,,,,,,
2026-08-05T11:23:48.927472Z,678628,155692,19553,853873,d0771,firmware.elf,834320,4194304,814.77KB,4.00MB,19.89,175245,532480,171.14KB,520.00KB,32.91,,,,,,
2026-08-05T11:23:49.550676Z,678628,155692,19553,853873,d0771,firmware.elf,834320,4194304,814.77KB,4.00MB,19.89,175245,532480,171.14KB,520.00KB,32.91,,,,,,
2026-08-05T11:23:50.203442Z,678628,155692,19553,853873,d0771,firmware.elf,834320,4194304,814.77KB,4.00MB,19.89,175245,532480,171.14KB,520.00KB,32.91,,,,,,
2026-08-05T11:23:50.864128Z,678628,155692,19553,853873,d0771,firmware.elf,834320,4194304,814.77KB,4.00MB,19.89,175245,532480,171.14KB,520.00KB,32.91,,,,,,
2026-08-05T11:23:51.513732Z,678628,155692,19553,853873,d0771,firmware.elf,834320,4194304,814.77KB,4.00MB,19.89,175245,532480,171.14KB,520.00KB,32.91,,,,,,
2026-08-05T11:23:52.124317Z,678628,155692,19553,853873,d0771,firmware.elf,834320,4194304,814.77KB,4.00MB,19.89,175245,532480,171.14KB,520.00KB,32.91,,,,,,
2026-08-05T11:23:52.743512Z,678628,155692,19553,853873,d0771,firmware.elf,834320,4194304,814.77KB,4.00MB,19.89,175245,532480,171.14KB,520.00KB,32.91,,,,,,
2026-08-05T11:23:53.378722Z,678628,155692,19553,853873,d0771,firmware.elf,834320,4194304,814.77KB,4.00MB,19.89,175245,532480,171.14KB,520.00KB,32.91,,,,,,
2026-08-05T11:23:54.028873Z,678628,155692,19553,853873,d0771,firmware.elf,834320,4194304,814.77KB,4.00MB,19.89,175245,532480,171.14KB,520.00KB,32.91,,,,,,
2026-08-05T11:23:54.658521Z,678628,155692,19553,853873,d0771,firmware.elf,834320,4194304,814.77KB,4.00MB,19.89,175245,532480,171.14KB,520.00KB,32.91,,,,,,
2026-08-05T11:23:55.305928Z,678628,155692,19553,853873,d0771,firmware.elf,834320,4194304,814.77KB,4.00MB,19.89,175245,532480,171.14KB,520.00KB,32.91,,,,,,
2026-08-05T11:23:55.926304Z,678628,155692,19553,853873,d0771,firmware.elf,834320,4194304,814.77KB,4.00MB,19.89,175245,532480,171.14KB,520.00KB,32.91,,,,,,
2026-08-05T11:23:56.543038Z,678628,155692,19553,853873,d0771,firmware.elf,834320,4194304,814.77KB,4.00MB,19.89,175245,532480,171.14KB,520.00KB,32.91,,,,,,
2026-08-05T11:23:57.140580Z,678628,155692,19553,853873,d0771,firmware.elf,834320,4194304,814.77KB,4.00MB,19.89,175245,532480,171.14KB,520.00KB,32.91,,,,,,
2026-08-05T11:23:57.761855Z,678628,155692,19553,853873,d0771,firmware.elf,834320,4194304,814.77KB,4.00MB,19.89,175245,532480,171.14KB,520.00KB,32.91,,,,,,
2026-08-05T11:23:58.372792Z,678628,155692,19553,853873,d0771,firmware.elf,834320,4194304,814.77KB,4.00MB,19.89,175245,532480,171.14KB,520.00KB,32.91,,,,,,
2026-08-05T11:23:58.993298Z,678628,155692,19553,853873,d0771,firmware.elf,834320,4194304,814.77KB,4.00MB,19.89,175245,532480,171.14KB,520.00KB,32.91,,,,,,
2026-08-05T11:23:59.626734Z,678628,155692,19553,853873,d0771,firmware.elf,834320,4194304,814.77KB,4.00MB,19.89,175245,532480,171.14KB,520.00KB,32.91,,,,,,
2026-08-05T11:24:00.264832Z,678628,155692,19553,853873,d0771,firmware.elf,834320,4194304,814.77KB,4.00MB,19.89,175245,532480,171.14KB,520.00KB,32.91,,,,,,
2026-08-05T11:24:00.890029Z,678628,155692,19553,853873,d0771,firmware.elf,834320,4194304,814.77KB,4.00MB,19.89,175245,532480,171.14KB,520.00KB,32.91,,,,,,
2026-08-05T11:24:01.509528Z,678628,155692,19553,853873,d0771,firmware.elf,834320,4194304,814.77KB,4.00MB,19.89,175245,532480,171.14KB,520.00KB,32.91,,,,,,
2026-08-05T11:24:02.187921Z,678628,155692,19553,853873,d0771,firmware.elf,834320,4194304,814.77KB,4.00MB,19.89,175245,532480,171.14KB,520.00KB,32.91,,,,,,
2026-08-05T11:24:02.817244Z,678628,155692,19553,853873,d0771,firmware.elf,834320,4194304,814.77KB,4.00MB,19.89,175245,532480,171.14KB,520.00KB,32.91,,,,,,
2026-08-05T11:24:03.466875Z,678628,155692,19553,853873,d0771,firmware.elf,834320,4194304,814.77KB,4.00MB,19.89,175245,532480,171.14KB,520.00KB,32.91,,,,,,
2026-08-05T11:24:04.110679Z,678628,155692,19553,853873,d0771,firmware.elf,834320,4194304,814.77KB,4.00MB,19.89,175245,532480,171.14KB,520.00KB,32.91,,,,,,
2026-08-05T11:24:04.739119Z,678628,155692,19553,853873,d0771,firmware.elf,834320,4194304,814.77KB,4.00MB,19.89,175245,532480,171.14KB,520.00KB,32.91,,,,,,
2026-08-05T11:24:05.387922Z,678628,155692,19553,853873,d0771,firmware.elf,834320,4194304,814.77KB,4.00MB,19.89,175245,532480,171.14KB,520.00KB,32.91,,,,,,
2026-08-05T11:24:06.087975Z,678628,155692,19553,853873,d0771,firmware.elf,834320,4194304,814.77KB,4.00MB,19.89,175245,532480,171.14KB,520.00KB,32.91,,,,,,
2026-08-05T11:24:06.708043Z,678628,155692,19553,853873,d0771,firmware.elf,834320,4194304,814.77KB,4.00MB,19.89,175245,532480,171.14KB,520.00KB,32.91,,,,,,
2026-08-05T11:24:07.385617Z,678628,155692,19553,853873,d0771,firmware.elf,834320,4194304,814.77KB,4.00MB,19.89,175245,532480,171.14KB,520.00KB,32.91,,,,,,
2026-08-05T11:24:08.044882Z,678628,155692,19553,853873,d0771,firmware.elf,834320,4194304,814.77KB,4.00MB,19.89,175245,532480,171.14KB,520.00KB,32.91,,,,,,
2026-08-05T11:24:08.687792Z,678628,155692,19553,853873,d0771,firmware.elf,834320,4194304,814.77KB,4.00MB,19.89,175245,532480,171.14KB,520.00KB,32.91,,,,,,
2026-08-05T11:24:09.268439Z,678628,155692,19553,853873,d0771,firmware.elf,834320,4194304,814.77KB,4.00MB,19.89,175245,532480,171.14KB,520.00KB,32.91,,,,,,
2026-08-05T11:24:09.836731Z,678628,155692,19553,853873,d0771,firmware.elf,834320,4194304,814.77KB,4.00MB,19.89,175245,532480,171.14KB,520.00KB,32.91,,,,,,
2026-08-05T11:24:10.451071Z,678628,155692,19553,853873,d0771,firmware.elf,834320,4194304,814.77KB,4.00MB,19.89,175245,532480,171.14KB,520.00KB,32.91,,,,,,
2026-08-05T11:24:11.034081Z,678628,155692,19553,853873,d0771,firmware.elf,834320,4194304,814.77KB,4.00MB,19.89,175245,532480,171.14KB,520.00KB,32.91,,,,,,
2026-08-05T11:24:11.683256Z,678628,155692,19553,853873,d0771,firmware.elf,834320,4194304,814.77KB,4.00MB,19.89,175245,532480,171.14KB,520.00KB,32.91,,,,,,
2026-08-05T11:24:12.249413Z,678628,155692,19553,853873,d0771,firmware.elf,834320,4194304,814.77KB,4.00MB,19.89,175245,532480,171.14KB,520.00KB,32.91,,,,,,
2026-08-05T11:24:12.847119Z,678628,155692,19553,853873,d0771,firmware.elf,834320,4194304,814.77KB,4.00MB,19.89,175245,532480,171.14KB,520.00KB,32.91,,,,,,
2026-08-05T11:24:13.433563Z,678628,155692,19553,853873,d0771,firmware.elf,834320,4194304,814.77KB,4.00MB,19.89,175245,532480,171.14KB,520.00KB,32.91,,,,,,
2026-08-05T11:24:14.026078Z,678628,155692,19553,853873,d0771,firmware.elf,834320,4194304,814.77KB,4.00MB,19.89,175245,532480,171.14KB,520.00KB,32.91,,,,,,
2026-08-05T11:24:14.619305Z,678628,155692,19553,853873,d0771,firmware.elf,834320,4194304,814.77KB,4.00MB,19.89,175245,532480,171.14KB,520.00KB,32.91,,,,,,
2026-08-05T11:24:15.230530Z,678628,155692,19553,853873,d0771,firmware.elf,834320,4194304,814.77KB,4.00MB,19.89,175245,532480,171.14KB,520.00KB,32.91,,,,,,
2026-08-05T11:24:15.825816Z,678628,155692,19553,853873,d0771,firmware.elf,834320,4194304,814.77KB,4.00MB,19.89,175245,532480,171.14KB,520.00KB,32.91,,,,,,
2026-08-05T11:24:16.431431Z,678628,155692,19553,853873,d0771,firmware.elf,834320,4194304,814.77KB,4.00MB,19.89,175245,532480,171.14KB,520.00KB,32.91,,,,,,
2026-08-05T11:24:17.036395Z,678628,155692,19553,853873,d0771,firmware.elf,834320,4194304,814.77KB,4.00MB,19.89,175245,532480,171.14KB,520.00KB,32.91,,,,,,
2026-08-05T11:24:17.606819Z,678628,155692,19553,853873,d0771,firmware.elf,834320,4194304,814.77KB,4.00MB,19.89,175245,532480,171.14KB,520.00KB,32.91,,,,,,
2026-08-05T11:24:18.193399Z,678628,155692,19553,853873,d0771,firmware.elf,834320,4194304,814.77KB,4.00MB,19.89,175245,532480,171.14KB,520.00KB,32.91,,,,,,
2026-08-05T11:24:18.785090Z,678628,155692,19553,853873,d0771,firmware.elf,834320,4194304,814.77KB,4.00MB,19.89,175245,532480,171.14KB,520.00KB,32.91,,,,,,
2026-08-05T11:24:19.390767Z,678628,155692,19553,853873,d0771,firmware.elf,834320,4194304,814.77KB,4.00MB,19.89,175245,532480,171.14KB,520.00KB,32.91,,,,,,
2026-08-05T11:24:19.972845Z,678628,155692,19553,853873,d0771,firmware.elf,834320,4194304,814.77KB,4.00MB,19.89,175245,532480,171.14KB,520.00KB,32.91,,,,,,
2026-08-05T11:24:20.562959Z,678628,155692,19553,853873,d0771,firmware.elf,834320,4194304,814.77KB,4.00MB,19.89,175245,532480,171.14KB,520.00KB,32.91,,,,,,
2026-08-05T11:24:21.153980Z,678628,155692,19553,853873,d0771,firmware.elf,834320,4194304,814.77KB,4.00MB,19.89,175245,532480,171.14KB,520.00KB,32.91,,,,,,
2026-08-05T11:24:21.760594Z,678628,155692,19553,853873,d0771,firmware.elf,834320,4194304,814.77KB,4.00MB,19.89,175245,532480,171.14KB,520.00KB,32.91,,,,,,
2026-08-05T11:24:22.398895Z,678628,155692,19553,853873,d0771,firmware.elf,834320,4194304,814.77KB,4.00MB,19.89,175245,532480,171.14KB,520.00KB,32.91,,,,,,
2026-08-05T11:24:23.000531Z,678628,155692,19553,853873,d0771,firmware.elf,834320,4194304,814.77KB,4.00MB,19.89,175245,532480,171.14KB,520.00KB,32.91,,,,,,
2026-08-05T11:24:23.555682Z,678628,155692,19553,853873,d0771,firmware.elf,834320,4194304,814.77KB,4.00MB,19.89,175245,532480,171.14KB,520.00KB,32.91,,,,,,
2026-08-05T11:24:24.131953Z,678628,155692,19553,853873,d0771,firmware.elf,834320,4194304,814.77KB,4.00MB,19.89,175245,532480,171.14KB,520.00KB,32.91,,,,,,
2026-08-05T11:24:24.708720Z,678628,155692,19553,853873,d0771,firmware.elf,834320,4194304,814.77KB,4.00MB,19.89,175245,532480,171.14KB,520.00KB,32.91,,,,,,
2026-08-05T11:24:25.347467Z,678628,155692,19553,853873,d0771,firmware.elf,834320,4194304,814.77KB,4.00MB,19.89,175245,532480,171.14KB,520.00KB,32.91,,,,,,
2026-08-05T11:24:25.966461Z,678628,155692,19553,853873,d0771,firmware.elf,834320,4194304,814.77KB,4.00MB,19.89,175245,532480,171.14KB,520.00KB,32.91,,,,,,
2026-08-05T11:24:26.543238Z,678628,155692,19553,853873,d0771,firmware.elf,834320,4194304,814.77KB,4.00MB,19.89,175245,532480,171.14KB,520.00KB,32.91,,,,,,
2026-08-05T11:24:27.155890Z,678628,155692,19553,853873,d0771,firmware.elf,834320,4194304,814.77KB,4.00MB,19.89,175245,532480,171.14KB,520.00KB,32.91,,,,,,
2026-08-05T11:24:27.729355Z,678628,155692,19553,853873,d0771,firmware.elf,834320,4194304,814.77KB,4.00MB,19.89,175245,532480,171.14KB,520.00KB,32.91,,,,,,
2026-08-05T11:24:28.323614Z,678628,155692,19553,853873,d0771,firmware.elf,834320,4194304,814.77KB,4.00MB,19.89,175245,532480,171.14KB,520.00KB,32.91,,,,,,
2026-08-05T11:24:28.940740Z,678628,155692,19553,853873,d0771,firmware.elf,834320,4194304,814.77KB,4.00MB,19.89,175245,532480,171.14KB,520.00KB,32.91,,,,,,
2026-08-05T11:24:29.560745Z,678628,155692,19553,853873,d0771,firmware.elf,834320,4194304,814.77KB,4.00MB,19.89,175245,532480,171.14KB,520.00KB,32.91,,,,,,
2026-08-05T11:24:30.187200Z,678628,155692,19553,853873,d0771,firmware.elf,834320,4194304,814.77KB,4.00MB,19.89,175245,532480,171.14KB,520.00KB,32.91,,,,,,
2026-08-05T11:24:30.782389Z,678628,155692,19553,853873,d0771,firmware.elf,834320,4194304,814.77KB,4.00MB,19.89,175245,532480,171.14KB,520.00KB,32.91,,,,,,
2026-08-05T11:24:31.386739Z,678628,155692,19553,853873,d0771,firmware.elf,834320,4194304,814.77KB,4.00MB,19.89,175245,532480,171.14KB,520.00KB,32.91,,,,,,
2026-08-05T11:24:32.005840Z,678628,155692,19553,853873,d0771,firmware.elf,834320,4194304,814.77KB,4.00MB,19.89,175245,532480,171.14KB,520.00KB,32.91,,,,,,
2026-08-05T11:24:32.581059Z,678628,155692,19553,853873,d0771,firmware.elf,834320,4194304,814.77KB,4.00MB,19.89,175245,532480,171.14KB,520.00KB,32.91,,,,,,
2026-08-05T11:24:33.191959Z,678628,155692,19553,853873,d0771,firmware.elf,834320,4194304,814.77KB,4.00MB,19.89,175245,532480,171.14KB,520.00KB,32.91,,,,,,
2026-08-05T11:24:33.780135Z,678628,155692,19553,853873,d0771,firmware.elf,834320,4194304,814.77KB,4.00MB,19.89,175245,532480,171.14KB,520.00KB,32.91,,,,,,
2026-08-05T11:24:34.365836Z,678628,155692,19553,853873,d0771,firmware.elf,834320,4194304,814.77KB,4.00MB,19.89,175245,532480,171.14KB,520.00KB,32.91,,,,,,
2026-08-05T11:24:34.979117Z,678628,155692,19553,853873,d0771,firmware.elf,834320,4194304,814.77KB,4.00MB,19.89,175245,532480,171.14KB,520.00KB,32.91,,,,,,
2026-08-05T11:24:35.548917Z,678628,155692,19553,853873,d0771,firmware.elf,834320,4194304,814.77KB,4.00MB,19.89,175245,532480,171.14KB,520.00KB,32.91,,,,,,
2026-08-05T11:24:36.169620Z,678628,155692,19553,853873,d0771,firmware.elf,834320,4194304,814.77KB,4.00MB,19.89,175245,532480,171.14KB,520.00KB,32.91,,,,,,
2026-08-05T11:24:36.752409Z,678628,155692,19553,853873,d0771,firmware.elf,834320,4194304,814.77KB,4.00MB,19.89,175245,532480,171.14KB,520.00KB,32.91,,,,,,
2026-08-05T11:24:37.338516Z,678628,155692,19553,853873,d0771,firmware.elf,834320,4194304,814.77KB,4.00MB,19.89,175245,532480,171.14KB,520.00KB,32.91,,,,,,
2026-08-05T11:24:37.976384Z,678628,155692,19553,853873,d0771,firmware.elf,834320,4194304,814.77KB,4.00MB,19.89,175245,532480,171.14KB,520.00KB,32.91,,,,,,
2026-08-05T11:24:38.626470Z,678628,155692,19553,853873,d0771,firmware.elf,834320,4194304,814.77KB,4.00MB,19.89,175245,532480,171.14KB,520.00KB,32.91,,,,,,
2026-08-05T11:24:39.281453Z,678628,155692,19553,853873,d0771,firmware.elf,834320,4194304,814.77KB,4.00MB,19.89,175245,532480,171.14KB,520.00KB,32.91,,,,,,
2026-08-05T11:24:39.913413Z,678628,155692,19553,853873,d0771,firmware.elf,834320,4194304,814.77KB,4.00MB,19.89,175245,532480,171.14KB,520.00KB,32.91,,,,,,
2026-08-05T11:24:40.519759Z,678628,155692,19553,853873,d0771,firmware.elf,834320,4194304,814.77KB,4.00MB,19.89,175245,532480,171.14KB,520.00KB,32.91,,,,,,
2026-08-05T11:24:41.186777Z,678628,155692,19553,853873,d0771,firmware.elf,834320,4194304,814.77KB,4.00MB,19.89,175245,532480,171.14KB,520.00KB,32.91,,,,,,
2026-08-05T11:24:41.821797Z,678628,155692,19553,853873,d0771,firmware.elf,834320,4194304,814.77KB,4.00MB,19.89,175245,532480,171.14KB,520.00KB,32.91,,,,,,
2026-08-05T11:24:42.459170Z,678628,155692,19553,853873,d0771,firmware.elf,834320,4194304,814.77KB,4.00MB,19.89,175245,532480,171.14KB,520.00KB,32.91,,,,,,
2026-08-05T11:24:43.005061Z,678628,155692,19553,853873,d0771,firmware.elf,834320,4194304,814.77KB,4.00MB,19.89,175245,532480,171.14KB,520.00KB,32.91,,,,,,
2026-08-05T11:24:43.609949Z,678628,155692,19553,853873,d0771,firmware.elf,834320,4194304,814.77KB,4.00MB,19.89,175245,532480,171.14KB,520.00KB,32.91,,,,,,
2026-08-05T11:24:44.215282Z,678628,155692,19553,853873,d0771,firmware.elf,834320,4194304,814.77KB,4.00MB,19.89,175245,532480,171.14KB,520.00KB,32.91,,,,,,
2026-08-05T11:24:44.832616Z,678628,155692,19553,853873,d0771,firmware.elf,834320,4194304,814.77KB,4.00MB,19.89,175245,532480,171.14KB,520.00KB,32.91,,,,,,
2026-08-05T11:24:45.472917Z,678628,155692,19553,853873,d0771,firmware.elf,834320,4194304,814.77KB,4.00MB,19.89,175245,532480,171.14KB,520.00KB,32.91,,,,,,
2026-08-05T11:24:46.073933Z,678628,155692,19553,853873,d0771,firmware.elf,834320,4194304,814.77KB,4.00MB,19.89,175245,532480,171.14KB,520.00KB,32.91,,,,,,
2026-08-05T11:24:46.692169Z,678628,155692,19553,853873,d0771,firmware.elf,834320,4194304,814.77KB,4.00MB,19.89,175245,532480,171.14KB,520.00KB,32.91,,,,,,
2026-08-05T11:24:47.305510Z,678628,155692,19553,853873,d0771,firmware.elf,834320,4194304,814.77KB,4.00MB,19.89,175245,532480,171.14KB,520.00KB,32.91,,,,,,
2026-08-05T11:24:47.890690Z,678628,155692,19553,853873,d0771,firmware.elf,834320,4194304,814.77KB,4.00MB,19.89,175245,532480,171.14KB,520.00KB,32.91,,,,,,
2026-08-05T11:24:48.484372Z,678628,155692,19553,853873,d0771,firmware.elf,834320,4194304,814.77KB,4.00MB,19.89,175245,532480,171.14KB,520.00KB,32.91,,,,,,
2026-08-05T11:24:49.111466Z,678628,155692,19553,853873,d0771,firmware.elf,834320,4194304,814.77KB,4.00MB,19.89,175245,532480,171.14KB,520.00KB,32.91,,,,,,
2026-08-05T11:24:49.734241Z,678628,155692,19553,853873,d0771,firmware.elf,834320,4194304,814.77KB,4.00MB,19.89,175245,532480,171.14KB,520.00KB,32.91,,,,,,
2026-08-05T11:24:50.393751Z,678628,155692,19553,853873,d0771,firmware.elf,834320,4194304,814.77KB,4.00MB,19.89,175245,532480,171.14KB,520.00KB,32.91,,,,,,
2026-08-05T11:24:50.997884Z,678628,155692,19553,853873,d0771,firmware.elf,834320,4194304,814.77KB,4.00MB,19.89,175245,532480,171.14KB,520.00KB,32.91,,,,,,
2026-08-05T11:24:51.606258Z,678628,155692,19553,853873,d0771,firmware.elf,834320,4194304,814.77KB,4.00MB,19.89,175245,532480,171.14KB,520.00KB,32.91,,,,,,
2026-08-05T11:24:52.246913Z,678628,155692,19553,853873,d0771,firmware.elf,834320,4194304,814.77KB,4.00MB,19.89,175245,532480,171.14KB,520.00KB,32.91,,,,,,
2026-08-05T11:24:52.904134Z,678628,155692,19553,853873,d0771,firmware.elf,834320,4194304,814.77KB,4.00MB,19.89,175245,532480,171.14KB,520.00KB,32.91,,,,,,
2026-08-05T11:24:53.510246Z,678628,155692,19553,853873,d0771,firmware.elf,834320,4194304,814.77KB,4.00MB,19.89,175245,532480,171.14KB,520.00KB,32.91,,,,,,
2026-08-05T11:24:54.151307Z,678628,155692,19553,853873,d0771,firmware.elf,834320,4194304,814.77KB,4.00MB,19.89,175245,532480,171.14KB,520.00KB,32.91,,,,,,
2026-08-05T11:24:54.782688Z,678628,155692,19553,853873,d0771,firmware.elf,834320,4194304,814.77KB,4.00MB,19.89,175245,532480,171.14KB,520.00KB,32.91,,,,,,
2026-08-05T11:24:55.387746Z,678628,155692,19553,853873,d0771,firmware.elf,834320,4194304,814.77KB,4.00MB,19.89,175245,532480,171.14KB,520.00KB,32.91,,,,,,
2026-08-05T11:24:55.962487Z,678628,155692,19553,853873,d0771,firmware.elf,834320,4194304,814.77KB,4.00MB,19.89,175245,532480,171.14KB,520.00KB,32.91,,,,,,
2026-08-05T11:24:56.598918Z,678628,155692,19553,853873,d0771,firmware.elf,834320,4194304,814.77KB,4.00MB,19.89,175245,532480,171.14KB,520.00KB,32.91,,,,,,
2026-08-05T11:24:57.248756Z,678628,155692,19553,853873,d0771,firmware.elf,834320,4194304,814.77KB,4.00MB,19.89,175245,532480,171.14KB,520.00KB,32.91,,,,,,
2026-08-05T11:24:57.818294Z,678628,155692,19553,853873,d0771,firmware.elf,834320,4194304,814.77KB,4.00MB,19.89,175245,532480,171.14KB,520.00KB,32.91,,,,,,
2026-08-05T11:24:58.451682Z,678628,155692,19553,853873,d0771,firmware.elf,834320,4194304,814.77KB,4.00MB,19.89,175245,532480,171.14KB,520.00KB,32.91,,,,,,
2026-08-05T11:24:59.115344Z,678628,155692,19553,853873,d0771,firmware.elf,834320,4194304,814.77KB,4.00MB,19.89,175245,532480,171.14KB,520.00KB,32.91,,,,,,
2026-08-05T11:24:59.712768Z,678628,155692,19553,853873,d0771,firmware.elf,834320,4194304,814.77KB,4.00MB,19.89,175245,532480,171.14KB,520.00KB,32.91,,,,,,
2026-08-05T11:25:00.370044Z,678628,155692,19553,853873,d0771,firmware.elf,834320,4194304,814.77KB,4.00MB,19.89,175245,532480,171.14KB,520.00KB,32.91,,,,,,
2026-08-05T11:25:01.041769Z,678628,155692,19553,853873,d0771,firmware.elf,834320,4194304,814.77KB,4.00MB,19.89,175245,532480,171.14KB,520.00KB,32.91,,,,,,
2026-08-05T11:25:01.715006Z,678628,155692,19553,853873,d0771,firmware.elf,834320,4194304,814.77KB,4.00MB,19.89,175245,532480,171.14KB,520.00KB,32.91,,,,,,
2026-08-05T11:25:02.389895Z,678628,155692,19553,853873,d0771,firmware.elf,834320,4194304,814.77KB,4.00MB,19.89,175245,532480,171.14KB,520.00KB,32.91,,,,,,
2026-08-05T11:25:03.092708Z,678628,155692,19553,853873,d0771,firmware.elf,834320,4194304,814.77KB,4.00MB,19.89,175245,532480,171.14KB,520.00KB,32.91,,,,,,
2026-08-05T11:25:03.753295Z,678628,155692,19553,853873,d0771,firmware.elf,834320,4194304,814.77KB,4.00MB,19.89,175245,532480,171.14KB,520.00KB,32.91,,,,,,
2026-08-05T11:25:04.428225Z,678628,155692,19553,853873,d0771,firmware.elf,834320,4194304,814.77KB,4.00MB,19.89,175245,532480,171.14KB,520.00KB,32.91,,,,,,
2026-08-05T11:25:05.034464Z,678628,155692,19553,853873,d0771,firmware.elf,834320,4194304,814.77KB,4.00MB,19.89,175245,532480,171.14KB,520.00KB,32.91,,,,,,
2026-08-05T11:25:05.651481Z,678628,155692,19553,853873,d0771,firmware.elf,834320,4194304,814.77KB,4.00MB,19.89,175245,532480,171.14KB,520.00KB,32.91,,,,,,
2026-08-05T11:25:06.244630Z,678628,155692,19553,853873,d0771,firmware.elf,834320,4194304,814.77KB,4.00MB,19.89,175245,532480,171.14KB,520.00KB,32.91,,,,,,
2026-08-05T11:25:06.872973Z,678628,155692,19553,853873,d0771,firmware.elf,834320,4194304,814.77KB,4.00MB,19.89,175245,532480,171.14KB,520.00KB,32.91,,,,,,
2026-08-05T11:25:07.548819Z,678628,155692,19553,853873,d0771,firmware.elf,834320,4194304,814.77KB,4.00MB,19.89,175245,532480,171.14KB,520.00KB,32.91,,,,,,
2026-08-05T11:25:08.165634Z,678628,155692,19553,853873,d0771,firmware.elf,834320,4194304,814.77KB,4.00MB,19.89,175245,532480,171.14KB,520.00KB,32.91,,,,,,
2026-08-05T11:25:08.800267Z,678628,155692,19553,853873,d0771,firmware.elf,834320,4194304,814.77KB,4.00MB,19.89,175245,532480,171.14KB,520.00KB,32.91,,,,,,
2026-08-05T11:25:09.551155Z,678628,155692,19553,853873,d0771,firmware.elf,834320,4194304,814.77KB,4.00MB,19.89,175245,532480,171.14KB,520.00KB,32.91,,,,,,
2026-08-05T11:25:10.254424Z,678628,155692,19553,853873,d0771,firmware.elf,834320,4194304,814.77KB,4.00MB,19.89,175245,532480,171.14KB,520.00KB,32.91,,,,,,
2026-08-05T11:25:11.076151Z,678628,155692,19553,853873,d0771,firmware.elf,834320,4194304,814.77KB,4.00MB,19.89,175245,532480,171.14KB,520.00KB,32.91,,,,,,
2026-08-05T11:25:11.959723Z,678628,155692,19553,853873,d0771,firmware.elf,834320,4194304,814.77KB,4.00MB,19.89,175245,532480,171.14KB,520.00KB,32.91,,,,,,
2026-08-05T11:25:12.708376Z,678628,155692,19553,853873,d0771,firmware.elf,834320,4194304,814.77KB,4.00MB,19.89,175245,532480,171.14KB,520.00KB,32.91,,,,,,
2026-08-05T11:25:13.539117Z,678628,155692,19553,853873,d0771,firmware.elf,834320,4194304,814.77KB,4.00MB,19.89,175245,532480,171.14KB,520.00KB,32.91,,,,,,
2026-08-05T11:25:14.442362Z,678628,155692,19553,853873,d0771,firmware.elf,834320,4194304,814.77KB,4.00MB,19.89,175245,532480,171.14KB,520.00KB,32.91,,,,,,
2026-08-05T11:25:15.232896Z,678628,155692,19553,853873,d0771,firmware.elf,834320,4194304,814.77KB,4.00MB,19.89,175245,532480,171.14KB,520.00KB,32.91,,,,,,
2026-08-05T11:25:15.845360Z,678628,155692,19553,853873,d0771,firmware.elf,834320,4194304,814.77KB,4.00MB,19.89,175245,532480,171.14KB,520.00KB,32.91,,,,,,
2026-08-05T11:25:16.426578Z,678628,155692,19553,853873,d0771,firmware.elf,834320,4194304,814.77KB,4.00MB,19.89,175245,532480,171.14KB,520.00KB,32.91,,,,,,
2026-08-05T11:25:17.025532Z,678628,155692,19553,853873,d0771,firmware.elf,834320,4194304,814.77KB,4.00MB,19.89,175245,532480,171.14KB,520.00KB,32.91,,,,,,
2026-08-05T11:25:17.683195Z,678628,155692,19553,853873,d0771,firmware.elf,834320,4194304,814.77KB,4.00MB,19.89,175245,532480,171.14KB,520.00KB,32.91,,,,,,
2026-08-05T11:25:18.351313Z,678628,155692,19553,853873,d0771,firmware.elf,834320,4194304,814.77KB,4.00MB,19.89,175245,532480,171.14KB,520.00KB,32.91,,,,,,
2026-08-05T11:25:18.939381Z,678628,155692,19553,853873,d0771,firmware.elf,834320,4194304,814.77KB,4.00MB,19.89,175245,532480,171.14KB,520.00KB,32.91,,,,,,
2026-08-05T11:25:19.541765Z,678628,155692,19553,853873,d0771,firmware.elf,834320,4194304,814.77KB,4.00MB,19.89,175245,532480,171.14KB,520.00KB,32.91,,,,,,
2026-08-05T11:25:20.161363Z,678628,155692,19553,853873,d0771,firmware.elf,834320,4194304,814.77KB,4.00MB,19.89,175245,532480,171.14KB,520.00KB,32.91,,,,,,
2026-08-05T11:25:20.759120Z,678628,155692,19553,853873,d0771,firmware.elf,834320,4194304,814.77KB,4.00MB,19.89,175245,532480,171.14KB,520.00KB,32.91,,,,,,
2026-08-05T11:25:21.379494Z,678628,155692,19553,853873,d0771,firmware.elf,834320,4194304,814.77KB,4.00MB,19.89,175245,532480,171.14KB,520.00KB,32.91,,,,,,
2026-08-05T11:25:21.991560Z,678628,155692,19553,853873,d0771,firmware.elf,834320,4194304,814.77KB,4.00MB,19.89,175245,532480,171.14KB,520.00KB,32.91,,,,,,
2026-08-05T11:25:22.622091Z,678628,155692,19553,853873,d0771,firmware.elf,834320,4194304,814.77KB,4.00MB,19.89,175245,532480,171.14KB,520.00KB,32.91,,,,,,
2026-08-05T11:25:23.252479Z,678628,155692,19553,853873,d0771,firmware.elf,834320,4194304,814.77KB,4.00MB,19.89,175245,532480,171.14KB,520.00KB,32.91,,,,,,
2026-08-05T11:25:23.901915Z,678628,155692,19553,853873,d0771,firmware.elf,834320,4194304,814.77KB,4.00MB,19.89,175245,532480,171.14KB,520.00KB,32.91,,,,,,
2026-08-05T11:25:24.511845Z,678628,155692,19553,853873,d0771,firmware.elf,834320,4194304,814.77KB,4.00MB,19.89,175245,532480,171.14KB,520.00KB,32.91,,,,,,
2026-08-05T11:25:25.133966Z,678628,155692,19553,853873,d0771,firmware.elf,834320,4194304,814.77KB,4.00MB,19.89,175245,532480,171.14KB,520.00KB,32.91,,,,,,
2026-08-05T11:25:25.732827Z,678628,155692,19553,853873,d0771,firmware.elf,834320,4194304,814.77KB,4.00MB,19.89,175245,532480,171.14KB,520.00KB,32.91,,,,,,
2026-08-05T11:25:26.361432Z,678628,155692,19553,853873,d0771,firmware.elf,834320,4194304,814.77KB,4.00MB,19.89,175245,532480,171.14KB,520.00KB,32.91,,,,,,
2026-08-05T11:25:26.984404Z,678628,155692,19553,853873,d0771,firmware.elf,834320,4194304,814.77KB,4.00MB,19.89,175245,532480,171.14KB,520.00KB,32.91,,,,,,
2026-08-05T11:25:27.579393Z,678628,155692,19553,853873,d0771,firmware.elf,834320,4194304,814.77KB,4.00MB,19.89,175245,532480,171.14KB,520.00KB,32.91,,,,,,
2026-08-05T11:25:28.164996Z,678628,155692,19553,853873,d0771,firmware.elf,834320,4194304,814.77KB,4.00MB,19.89,175245,532480,171.14KB,520.00KB,32.91,,,,,,
2026-08-05T11:25:28.784991Z,678628,155692,19553,853873,d0771,firmware.elf,834320,4194304,814.77KB,4.00MB,19.89,175245,532480,171.14KB,520.00KB,32.91,,,,,,
2026-08-05T11:25:29.411411Z,678628,155692,19553,853873,d0771,firmware.elf,834320,4194304,814.77KB,4.00MB,19.89,175245,532480,171.14KB,520.00KB,32.91,,,,,,
2026-08-05T11:25:30.009525Z,678628,155692,19553,853873,d0771,firmware.elf,834320,4194304,814.77KB,4.00MB,19.89,175245,532480,171.14KB,520.00KB,32.91,,,,,,
2026-08-05T11:25:30.596321Z,678628,155692,19553,853873,d0771,firmware.elf,834320,4194304,814.77KB,4.00MB,19.89,175245,532480,171.14KB,520.00KB,32.91,,,,,,
2026-08-05T11:25:31.218649Z,678628,155692,19553,853873,d0771,firmware.elf,834320,4194304,814.77KB,4.00MB,19.89,175245,532480,171.14KB,520.00KB,32.91,,,,,,
2026-08-05T11:25:31.812519Z,678628,155692,19553,853873,d0771,firmware.elf,834320,4194304,814.77KB,4.00MB,19.89,175245,532480,171.14KB,520.00KB,32.91,,,,,,
2026-08-05T11:25:32.395846Z,678628,155692,19553,853873,d0771,firmware.elf,834320,4194304,814.77KB,4.00MB,19.89,175245,532480,171.14KB,520.00KB,32.91,,,,,,
2026-08-05T11:25:32.999664Z,678628,155692,19553,853873,d0771,firmware.elf,834320,4194304,814.77KB,4.00MB,19.89,175245,532480,171.14KB,520.00KB,32.91,,,,,,
2026-08-05T11:25:33.601737Z,678628,155692,19553,853873,d0771,firmware.elf,834320,4194304,814.77KB,4.00MB,19.89,175245,532480,171.14KB,520.00KB,32.91,,,,,,
2026-08-05T11:25:34.188815Z,678628,155692,19553,853873,d0771,firmware.elf,834320,4194304,814.77KB,4.00MB,19.89,175245,532480,171.14KB,520.00KB,32.91,,,,,,
2026-08-05T11:25:34.803723Z,678628,155692,19553,853873,d0771,firmware.elf,834320,4194304,814.77KB,4.00MB,19.89,175245,532480,171.14KB,520.00KB,32.91,,,,,,
2026-08-05T11:25:35.413437Z,678628,155692,19553,853873,d0771,firmware.elf,834320,4194304,814.77KB,4.00MB,19.89,175245,532480,171.14KB,520.00KB,32.91,,,,,,
2026-08-05T11:25:36.021793Z,678628,155692,19553,853873,d0771,firmware.elf,834320,4194304,814.77KB,4.00MB,19.89,175245,532480,171.14KB,520.00KB,32.91,,,,,,
2026-08-05T11:25:36.638332Z,678628,155692,19553,853873,d0771,firmware.elf,834320,4194304,814.77KB,4.00MB,19.89,175245,532480,171.14KB,520.00KB,32.91,,,,,,
2026-08-05T11:25:37.264501Z,678628,155692,19553,853873,d0771,firmware.elf,834320,4194304,814.77KB,4.00MB,19.89,175245,532480,171.14KB,520.00KB,32.91,,,,,,
2026-08-05T11:25:37.846816Z,678628,155692,19553,853873,d0771,firmware.elf,834320,4194304,814.77KB,4.00MB,19.89,175245,532480,171.14KB,520.00KB,32.91,,,,,,
2026-08-05T11:25:38.477196Z,678628,155692,19553,853873,d0771,firmware.elf,834320,4194304,814.77KB,4.00MB,19.89,175245,532480,171.14KB,520.00KB,32.91,,,,,,
2026-08-05T11:25:39.132215Z,678628,155692,19553,853873,d0771,firmware.elf,834320,4194304,814.77KB,4.00MB,19.89,175245,532480,171.14KB,520.00KB,32.91,,,,,,
2026-08-05T11:25:39.798205Z,678628,155692,19553,853873,d0771,firmware.elf,834320,4194304,814.77KB,4.00MB,19.89,175245,532480,171.14KB,520.00KB,32.91,,,,,,
2026-08-05T11:25:40.419311Z,678628,155692,19553,853873,d0771,firmware.elf,834320,4194304,814.77KB,4.00MB,19.89,175245,532480,171.14KB,520.00KB,32.91,,,,,,
2026-08-05T11:25:41.045654Z,678628,155692,19553,853873,d0771,firmware.elf,834320,4194304,814.77KB,4.00MB,19.89,175245,532480,171.14KB,520.00KB,32.91,,,,,,
2026-08-05T11:25:41.714907Z,678628,155692,19553,853873,d0771,firmware.elf,834320,4194304,814.77KB,4.00MB,19.89,175245,532480,171.14KB,520.00KB,32.91,,,,,,
2026-08-05T11:25:42.389894Z,678628,155692,19553,853873,d0771,firmware.elf,834320,4194304,814.77KB,4.00MB,19.89,175245,532480,171.14KB,520.00KB,32.91,,,,,,
2026-08-05T11:25:43.024916Z,678628,155692,19553,853873,d0771,firmware.elf,834320,4194304,814.77KB,4.00MB,19.89,175245,532480,171.14KB,520.00KB,32.91,,,,,,
2026-08-05T11:25:43.638413Z,678628,155692,19553,853873,d0771,firmware.elf,834320,4194304,814.77KB,4.00MB,19.89,175245,532480,171.14KB,520.00KB,32.91,,,,,,
2026-08-05T11:25:44.242815Z,678628,155692,19553,853873,d0771,firmware.elf,834320,4194304,814.77KB,4.00MB,19.89,175245,532480,171.14KB,520.00KB,32.91,,,,,,
2026-08-05T11:25:44.863205Z,678628,155692,19553,853873,d0771,firmware.elf,834320,4194304,814.77KB,4.00MB,19.89,175245,532480,171.14KB,520.00KB,32.91,,,,,,
2026-08-05T11:25:45.520215Z,678628,155692,19553,853873,d0771,firmware.elf,834320,4194304,814.77KB,4.00MB,19.89,175245,532480,171.14KB,520.00KB,32.91,,,,,,
2026-08-05T11:25:46.157401Z,678628,155692,19553,853873,d0771,firmware.elf,834320,4194304,814.77KB,4.00MB,19.89,175245,532480,171.14KB,520.00KB,32.91,,,,,,
2026-08-05T11:25:46.727091Z,678628,155692,19553,853873,d0771,firmware.elf,834320,4194304,814.77KB,4.00MB,19.89,175245,532480,171.14KB,520.00KB,32.91,,,,,,
2026-08-05T11:25:47.313409Z,678628,155692,19553,853873,d0771,firmware.elf,834320,4194304,814.77KB,4.00MB,19.89,175245,532480,171.14KB,520.00KB,32.91,,,,,,
2026-08-05T11:25:47.881218Z,678628,155692,19553,853873,d0771,firmware.elf,834320,4194304,814.77KB,4.00MB,19.89,175245,532480,171.14KB,520.00KB,32.91,,,,,,
2026-08-05T11:25:48.450090Z,678628,155692,19553,853873,d0771,firmware.elf,834320,4194304,814.77KB,4.00MB,19.89,175245,532480,171.14KB,520.00KB,32.91,,,,,,
2026-08-05T11:25:49.039158Z,678628,155692,19553,853873,d0771,firmware.elf,834320,4194304,814.77KB,4.00MB,19.89,175245,532480,171.14KB,520.00KB,32.91,,,,,,
2026-08-05T11:25:49.659241Z,678628,155692,19553,853873,d0771,firmware.elf,834320,4194304,814.77KB,4.00MB,19.89,175245,532480,171.14KB,520.00KB,32.91,,,,,,
2026-08-05T11:25:50.276718Z,678628,155692,19553,853873,d0771,firmware.elf,834320,4194304,814.77KB,4.00MB,19.89,175245,532480,171.14KB,520.00KB,32.91,,,,,,
2026-08-05T11:25:50.851556Z,678628,155692,19553,853873,d0771,firmware.elf,834320,4194304,814.77KB,4.00MB,19.89,175245,532480,171.14KB,520.00KB,32.91,,,,,,
2026-08-05T11:25:51.453049Z,678628,155692,19553,853873,d0771,firmware.elf,834320,4194304,814.77KB,4.00MB,19.89,175245,532480,171.14KB,520.00KB,32.91,,,,,,
2026-08-05T11:25:52.029793Z,678628,155692,19553,853873,d0771,firmware.elf,834320,4194304,814.77KB,4.00MB,19.89,175245,532480,171.14KB,520.00KB,32.91,,,,,,
2026-08-05T11:25:52.628368Z,678628,155692,19553,853873,d0771,firmware.elf,834320,4194304,814.77KB,4.00MB,19.89,175245,532480,171.14KB,520.00KB,32.91,,,,,,
2026-08-05T11:25:53.245940Z,678628,155692,19553,853873,d0771,firmware.elf,834320,4194304,814.77KB,4.00MB,19.89,175245,532480,171.14KB,520.00KB,32.91,,,,,,
2026-08-05T11:25:53.831561Z,678628,155692,19553,853873,d0771,firmware.elf,834320,4194304,814.77KB,4.00MB,19.89,175245,532480,171.14KB,520.00KB,32.91,,,,,,
2026-08-05T11:25:54.426212Z,678628,155692,19553,853873,d0771,firmware.elf,834320,4194304,814.77KB,4.00MB,19.89,175245,532480,171.14KB,520.00KB,32.91,,,,,,
2026-08-05T11:25:55.081762Z,678628,155692,19553,853873,d0771,firmware.elf,834320,4194304,814.77KB,4.00MB,19.89,175245,532480,171.14KB,520.00KB,32.91,,,,,,
2026-08-05T11:25:55.666610Z,678628,155692,19553,853873,d0771,firmware.elf,834320,4194304,814.77KB,4.00MB,19.89,175245,532480,171.14KB,520.00KB,32.91,,,,,,
2026-08-05T11:25:56.292929Z,678628,155692,19553,853873,d0771,firmware.elf,834320,4194304,814.77KB,4.00MB,19.89,175245,532480,171.14KB,520.00KB,32.91,,,,,,
2026-08-05T11:25:56.900541Z,678628,155692,19553,853873,d0771,firmware.elf,834320,4194304,814.77KB,4.00MB,19.89,175245,532480,171.14KB,520.00KB,32.91,,,,,,
2026-08-05T11:25:57.492499Z,678628,155692,19553,853873,d0771,firmware.elf,834320,4194304,814.77KB,4.00MB,19.89,175245,532480,171.14KB,520.00KB,32.91,,,,,,
2026-08-05T11:25:58.069892Z,678628,155692,19553,853873,d0771,firmware.elf,834320,4194304,814.77KB,4.00MB,19.89,175245,532480,171.14KB,520.00KB,32.91,,,,,,
2026-08-05T11:25:58.643502Z,678628,155692,19553,853873,d0771,firmware.elf,834320,4194304,814.77KB,4.00MB,19.89,175245,532480,171.14KB,520.00KB,32.91,,,,,,
2026-08-05T11:25:59.210512Z,678628,155692,19553,853873,d0771,firmware.elf,834320,4194304,814.77KB,4.00MB,19.89,175245,532480,171.14KB,520.00KB,32.91,,,,,,
2026-08-05T11:25:59.779031Z,678628,155692,19553,853873,d0771,firmware.elf,834320,4194304,814.77KB,4.00MB,19.89,175245,532480,171.14KB,520.00KB,32.91,,,,,,
2026-08-05T11:26:00.358029Z,678628,155692,19553,853873,d0771,firmware.elf,834320,4194304,814.77KB,4.00MB,19.89,175245,532480,171.14KB,520.00KB,32.91,,,,,,
2026-08-05T11:26:00.924459Z,678628,155692,19553,853873,d0771,firmware.elf,834320,4194304,814.77KB,4.00MB,19.89,175245,532480,171.14KB,520.00KB,32.91,,,,,,
2026-08-05T11:26:01.468900Z,678628,155692,19553,853873,d0771,firmware.elf,834320,4194304,814.77KB,4.00MB,19.89,175245,532480,171.14KB,520.00KB,32.91,,,,,,
2026-08-05T11:26:02.075494Z,678628,155692,19553,853873,d0771,firmware.elf,834320,4194304,814.77KB,4.00MB,19.89,175245,532480,171.14KB,520.00KB,32.91,,,,,,
2026-08-05T11:26:02.654501Z,678628,155692,19553,853873,d0771,firmware.elf,834320,4194304,814.77KB,4.00MB,19.89,175245,532480,171.14KB,520.00KB,32.91,,,,,,
2026-08-05T11:26:03.216645Z,678628,155692,19553,853873,d0771,firmware.elf,834320,4194304,814.77KB,4.00MB,19.89,175245,532480,171.14KB,520.00KB,32.91,,,,,,
2026-08-05T11:26:03.797016Z,678628,155692,19553,853873,d0771,firmware.elf,834320,4194304,814.77KB,4.00MB,19.89,175245,532480,171.14KB,520.00KB,32.91,,,,,,
2026-08-05T11:26:04.374699Z,678628,155692,19553,853873,d0771,firmware.elf,834320,4194304,814.77KB,4.00MB,19.89,175245,532480,171.14KB,520.00KB,32.91,,,,,,
2026-08-05T11:26:04.931846Z,678628,155692,19553,853873,d0771,firmware.elf,834320,4194304,814.77KB,4.00MB,19.89,175245,532480,171.14KB,520.00KB,32.91,,,,,,
2026-08-05T11:26:05.481861Z,678628,155692,19553,853873,d0771,firmware.elf,834320,4194304,814.77KB,4.00MB,19.89,175245,532480,171.14KB,520.00KB,32.91,,,,,,
2026-08-05T11:26:06.055558Z,678628,155692,19553,853873,d0771,firmware.elf,834320,4194304,814.77KB,4.00MB,19.89,175245,532480,171.14KB,520.00KB,32.91,,,,,,
2026-08-05T11:26:06.609351Z,678628,155692,19553,853873,d0771,firmware.elf,834320,4194304,814.77KB,4.00MB,19.89,175245,532480,171.14KB,520.00KB,32.91,,,,,,
2026-08-05T11:26:07.165626Z,678628,155692,19553,853873,d0771,firmware.elf,834320,4194304,814.77KB,4.00MB,19.89,175245,532480,171.14KB,520.00KB,32.91,,,,,,
2026-08-05T11:26:07.726701Z,678628,155692,19553,853873,d0771,firmware.elf,834320,4194304,814.77KB,4.00MB,19.89,175245,532480,171.14KB,520.00KB,32.91,,,,,,
2026-08-05T11:26:08.324304Z,678628,155692,19553,853873,d0771,firmware.elf,834320,4194304,814.77KB,4.00MB,19.89,175245,532480,171.14KB,520.00KB,32.91,,,,,,
2026-08-05T11:26:08.905551Z,678628,155692,19553,853873,d0771,firmware.elf,834320,4194304,814.77KB,4.00MB,19.89,175245,532480,171.14KB,520.00KB,32.91,,,,,,
2026-08-05T11:26:09.468016Z,678628,155692,19553,853873,d0771,firmware.elf,834320,4194304,814.77KB,4.00MB,19.89,175245,532480,171.14KB,520.00KB,32.91,,,,,,
2026-08-05T11:26:10.066403Z,678628,155692,19553,853873,d0771,firmware.elf,834320,4194304,814.77KB,4.00MB,19.89,175245,532480,171.14KB,520.00KB,32.91,,,,,,
2026-08-05T11:26:10.668030Z,678628,155692,19553,853873,d0771,firmware.elf,834320,4194304,814.77KB,4.00MB,19.89,175245,532480,171.14KB,520.00KB,32.91,,,,,,
2026-08-05T11:26:11.380657Z,678628,155692,19553,853873,d0771,firmware.elf,834320,4194304,814.77KB,4.00MB,19.89,175245,532480,171.14KB,520.00KB,32.91,,,,,,
2026-08-05T11:26:11.984281Z,678628,155692,19553,853873,d0771,firmware.elf,834320,4194304,814.77KB,4.00MB,19.89,175245,532480,171.14KB,520.00KB,32.91,,,,,,
2026-08-05T11:26:12.602799Z,678628,155692,19553,853873,d0771,firmware.elf,834320,4194304,814.77KB,4.00MB,19.89,175245,532480,171.14KB,520.00KB,32.91,,,,,,
2026-08-05T11:26:13.217662Z,678628,155692,19553,853873,d0771,firmware.elf,834320,4194304,814.77KB,4.00MB,19.89,175245,532480,171.14KB,520.00KB,32.91,,,,,,
2026-08-05T11:26:13.830484Z,678628,155692,19553,853873,d0771,firmware.elf,834320,4194304,814.77KB,4.00MB,19.89,175245,532480,171.14KB,520.00KB,32.91,,,,,,
2026-08-05T11:26:14.446429Z,678628,155692,19553,853873,d0771,firmware.elf,834320,4194304,814.77KB,4.00MB,19.89,175245,532480,171.14KB,520.00KB,32.91,,,,,,
2026-08-05T11:26:15.081590Z,678628,155692,19553,853873,d0771,firmware.elf,834320,4194304,814.77KB,4.00MB,19.89,175245,532480,171.14KB,520.00KB,32.91,,,,,,
2026-08-05T11:26:15.666687Z,678628,155692,19553,853873,d0771,firmware.elf,834320,4194304,814.77KB,4.00MB,19.89,175245,532480,171.14KB,520.00KB,32.91,,,,,,
2026-08-05T11:26:16.286849Z,678628,155692,19553,853873,d0771,firmware.elf,834320,4194304,814.77KB,4.00MB,19.89,175245,532480,171.14KB,520.00KB,32.91,,,,,,
2026-08-05T11:26:16.886167Z,678628,155692,19553,853873,d0771,firmware.elf,834320,4194304,814.77KB,4.00MB,19.89,175245,532480,171.14KB,520.00KB,32.91,,,,,,
2026-08-05T11:26:17.490194Z,678628,155692,19553,853873,d0771,firmware.elf,834320,4194304,814.77KB,4.00MB,19.89,175245,532480,171.14KB,520.00KB,32.91,,,,,,
2026-08-05T11:26:18.085260Z,678628,155692,19553,853873,d0771,firmware.elf,834320,4194304,814.77KB,4.00MB,19.89,175245,532480,171.14KB,520.00KB,32.91,,,,,,
2026-08-05T11:26:18.654991Z,678628,155692,19553,853873,d0771,firmware.elf,834320,4194304,814.77KB,4.00MB,19.89,175245,532480,171.14KB,520.00KB,32.91,,,,,,
2026-08-05T11:26:19.221852Z,678628,155692,19553,853873,d0771,firmware.elf,834320,4194304,814.77KB,4.00MB,19.89,175245,532480,171.14KB,520.00KB,32.91,,,,,,
2026-08-05T11:26:19.816196Z,678628,155692,19553,853873,d0771,firmware.elf,834320,4194304,814.77KB,4.00MB,19.89,175245,532480,171.14KB,520.00KB,32.91,,,,,,
2026-08-05T11:26:20.447182Z,678628,155692,19553,853873,d0771,firmware.elf,834320,4194304,814.77KB,4.00MB,19.89,175245,532480,171.14KB,520.00KB,32.91,,,,,,
2026-08-05T11:26:21.062500Z,678628,155692,19553,853873,d0771,firmware.elf,834320,4194304,814.77KB,4.00MB,19.89,175245,532480,171.14KB,520.00KB,32.91,,,,,,
2026-08-05T11:26:21.674444Z,678628,155692,19553,853873,d0771,firmware.elf,834320,4194304,814.77KB,4.00MB,19.89,175245,532480,171.14KB,520.00KB,32.91,,,,,,
2026-08-05T11:26:22.333094Z,678628,155692,19553,853873,d0771,firmware.elf,834320,4194304,814.77KB,4.00MB,19.89,175245,532480,171.14KB,520.00KB,32.91,,,,,,
2026-08-05T11:26:23.004172Z,678628,155692,19553,853873,d0771,firmware.elf,834320,4194304,814.77KB,4.00MB,19.89,175245,532480,171.14KB,520.00KB,32.91,,,,,,
2026-08-05T11:26:23.656582Z,678628,155692,19553,853873,d0771,firmware.elf,834320,4194304,814.77KB,4.00MB,19.89,175245,532480,171.14KB,520.00KB,32.91,,,,,,
2026-08-05T11:26:24.261947Z,678628,155692,19553,853873,d0771,firmware.elf,834320,4194304,814.77KB,4.00MB,19.89,175245,532480,171.14KB,520.00KB,32.91,,,,,,
2026-08-05T11:26:24.850768Z,678628,155692,19553,853873,d0771,firmware.elf,834320,4194304,814.77KB,4.00MB,19.89,175245,532480,171.14KB,520.00KB,32.91,,,,,,
2026-08-05T11:26:25.527717Z,678628,155692,19553,853873,d0771,firmware.elf,834320,4194304,814.77KB,4.00MB,19.89,175245,532480,171.14KB,520.00KB,32.91,,,,,,
2026-08-05T11:26:26.106419Z,678628,155692,19553,853873,d0771,firmware.elf,834320,4194304,814.77KB,4.00MB,19.89,175245,532480,171.14KB,520.00KB,32.91,,,,,,
2026-08-05T11:26:26.683910Z,678628,155692,19553,853873,d0771,firmware.elf,834320,4194304,814.77KB,4.00MB,19.89,175245,532480,171.14KB,520.00KB,32.91,,,,,,
2026-08-05T11:26:27.259297Z,678628,155692,19553,853873,d0771,firmware.elf,834320,4194304,814.77KB,4.00MB,19.89,175245,532480,171.14KB,520.00KB,32.91,,,,,,
2026-08-05T11:26:27.873632Z,678628,155692,19553,853873,d0771,firmware.elf,834320,4194304,814.77KB,4.00MB,19.89,175245,532480,171.14KB,520.00KB,32.91,,,,,,
2026-08-05T11:26:28.502774Z,678628,155692,19553,853873,d0771,firmware.elf,834320,4194304,814.77KB,4.00MB,19.89,175245,532480,171.14KB,520.00KB,32.91,,,,,,
2026-08-05T11:26:29.108623Z,678628,155692,19553,853873,d0771,firmware.elf,834320,4194304,814.77KB,4.00MB,19.89,175245,532480,171.14KB,520.00KB,32.91,,,,,,
2026-08-05T11:26:29.704767Z,678628,155692,19553,853873,d0771,firmware.elf,834320,4194304,814.77KB,4.00MB,19.89,175245,532480,171.14KB,520.00KB,32.91,,,,,,
2026-08-05T11:26:30.322241Z,678628,155692,19553,853873,d0771,firmware.elf,834320,4194304,814.77KB,4.00MB,19.89,175245,532480,171.14KB,520.00KB,32.91,,,,,,
2026-08-05T11:26:30.963031Z,678628,155692,19553,853873,d0771,firmware.elf,834320,4194304,814.77KB,4.00MB,19.89,175245,532480,171.14KB,520.00KB,32.91,,,,,,
2026-08-05T11:26:31.593719Z,678628,155692,19553,853873,d0771,firmware.elf,834320,4194304,814.77KB,4.00MB,19.89,175245,532480,171.14KB,520.00KB,32.91,,,,,,
2026-08-05T11:26:32.225617Z,678628,155692,19553,853873,d0771,firmware.elf,834320,4194304,814.77KB,4.00MB,19.89,175245,532480,171.14KB,520.00KB,32.91,,,,,,
2026-08-05T11:26:32.871583Z,678628,155692,19553,853873,d0771,firmware.elf,834320,4194304,814.77KB,4.00MB,19.89,175245,532480,171.14KB,520.00KB,32.91,,,,,,
2026-08-05T11:26:33.496978Z,678628,155692,19553,853873,d0771,firmware.elf,834320,4194304,814.77KB,4.00MB,19.89,175245,532480,171.14KB,520.00KB,32.91,,,,,,
2026-08-05T11:26:34.113375Z,678628,155692,19553,853873,d0771,firmware.elf,834320,4194304,814.77KB,4.00MB,19.89,175245,532480,171.14KB,520.00KB,32.91,,,,,,
2026-08-05T11:26:34.745508Z,678628,155692,19553,853873,d0771,firmware.elf,834320,4194304,814.77KB,4.00MB,19.89,175245,532480,171.14KB,520.00KB,32.91,,,,,,
2026-08-05T11:26:35.427764Z,678628,155692,19553,853873,d0771,firmware.elf,834320,4194304,814.77KB,4.00MB,19.89,175245,532480,171.14KB,520.00KB,32.91,,,,,,
2026-08-05T11:26:36.053427Z,678628,155692,19553,853873,d0771,firmware.elf,834320,4194304,814.77KB,4.00MB,19.89,175245,532480,171.14KB,520.00KB,32.91,,,,,,
2026-08-05T11:26:36.668323Z,678628,155692,19553,853873,d0771,firmware.elf,834320,4194304,814.77KB,4.00MB,19.89,175245,532480,171.14KB,520.00KB,32.91,,,,,,
2026-08-05T11:26:37.323284Z,678628,155692,19553,853873,d0771,firmware.elf,834320,4194304,814.77KB,4.00MB,19.89,175245,532480,171.14KB,520.00KB,32.91,,,,,,
2026-08-05T11:26:37.975615Z,678628,155692,19553,853873,d0771,firmware.elf,834320,4194304,814.77KB,4.00MB,19.89,175245,532480,171.14KB,520.00KB,32.91,,,,,,
2026-08-05T11:26:38.610706Z,678628,155692,19553,853873,d0771,firmware.elf,834320,4194304,814.77KB,4.00MB,19.89,175245,532480,171.14KB,520.00KB,32.91,,,,,,
2026-08-05T11:26:39.249582Z,678628,155692,19553,853873,d0771,firmware.elf,834320,4194304,814.77KB,4.00MB,19.89,175245,532480,171.14KB,520.00KB,32.91,,,,,,
2026-08-05T11:26:39.876666Z,678628,155692,19553,853873,d0771,firmware.elf,834320,4194304,814.77KB,4.00MB,19.89,175245,532480,171.14KB,520.00KB,32.91,,,,,,
2026-08-05T11:26:40.537083Z,678628,155692,19553,853873,d0771,firmware.elf,834320,4194304,814.77KB,4.00MB,19.89,175245,532480,171.14KB,520.00KB,32.91,,,,,,
2026-08-05T11:26:41.201693Z,678628,155692,19553,853873,d0771,firmware.elf,834320,4194304,814.77KB,4.00MB,19.89,175245,532480,171.14KB,520.00KB,32.91,,,,,,
2026-08-05T11:26:41.857031Z,678628,155692,19553,853873,d0771,firmware.elf,834320,4194304,814.77KB,4.00MB,19.89,175245,532480,171.14KB,520.00KB,32.91,,,,,,
